matlab_sample_id,matlab_sweep_id,matlab_sweep_index,input_angle_rad,input_direction,jacobian_condition,eligibility,pmks_sample_id,status,reason
matlab_0000,matlab_sweep_00,0,1.5707963267948966,1,1.3496991988530846,eligible,pmks_positive_0000,matched,
matlab_0001,matlab_sweep_00,1,1.5882496193148399,1,1.3496794587517265,eligible,pmks_positive_0001,matched,
matlab_0002,matlab_sweep_00,2,1.6057029118347832,1,1.3496203139285929,eligible,pmks_positive_0002,matched,
matlab_0003,matlab_sweep_00,3,1.6231562043547265,1,1.3495219907631772,eligible,pmks_positive_0003,matched,
matlab_0004,matlab_sweep_00,4,1.6406094968746701,1,1.3493848663432684,eligible,pmks_positive_0004,matched,
matlab_0005,matlab_sweep_00,5,1.6580627893946132,1,1.349209468147103,eligible,pmks_positive_0005,matched,
matlab_0006,matlab_sweep_00,6,1.6755160819145567,1,1.3489964735967077,eligible,pmks_positive_0006,matched,
matlab_0007,matlab_sweep_00,7,1.6929693744344998,1,1.3487467094807855,eligible,pmks_positive_0007,matched,
matlab_0008,matlab_sweep_00,8,1.7104226669544433,1,1.3484611512449363,eligible,pmks_positive_0008,matched,
matlab_0009,matlab_sweep_00,9,1.7278759594743864,1,1.3481409221464755,eligible,pmks_positive_0009,matched,
matlab_0010,matlab_sweep_00,10,1.7453292519943298,1,1.3477872922705387,eligible,pmks_positive_0010,matched,
matlab_0011,matlab_sweep_00,11,1.7627825445142731,1,1.3474016774035453,eligible,pmks_positive_0011,matched,
matlab_0012,matlab_sweep_00,12,1.7802358370342166,1,1.3469856377594387,eligible,pmks_positive_0012,matched,
matlab_0013,matlab_sweep_00,13,1.7976891295541597,1,1.3465408765534421,eligible,pmks_positive_0013,matched,
matlab_0014,matlab_sweep_00,14,1.815142422074103,1,1.3460692384173376,eligible,pmks_positive_0014,matched,
matlab_0015,matlab_sweep_00,15,1.8325957145940466,1,1.345572707649517,eligible,pmks_positive_0015,matched,
matlab_0016,matlab_sweep_00,16,1.8500490071139899,1,1.3450534062922623,eligible,pmks_positive_0016,matched,
matlab_0017,matlab_sweep_00,17,1.867502299633933,1,1.344513592027899,eligible,pmks_positive_0017,matched,
matlab_0018,matlab_sweep_00,18,1.8849555921538765,1,1.3439556558846384,eligible,pmks_positive_0018,matched,
matlab_0019,matlab_sweep_00,19,1.9024088846738196,1,1.3433821197420972,eligible,pmks_positive_0019,matched,
matlab_0020,matlab_sweep_00,20,1.919862177193763,1,1.3427956336256728,eligible,pmks_positive_0020,matched,
matlab_0021,matlab_sweep_00,21,1.9373154697137063,1,1.342198972778152,eligible,pmks_positive_0021,matched,
matlab_0022,matlab_sweep_00,22,1.9547687622336498,1,1.3415950344962422,eligible,pmks_positive_0022,matched,
matlab_0023,matlab_sweep_00,23,1.9722220547535929,1,1.3409868347190077,eligible,pmks_positive_0023,matched,
matlab_0024,matlab_sweep_00,24,1.9896753472735365,1,1.3403775043547168,eligible,pmks_positive_0024,matched,
matlab_0025,matlab_sweep_00,25,2.0071286397934793,1,1.3397702853321281,eligible,pmks_positive_0025,matched,
matlab_0026,matlab_sweep_00,26,2.0245819323134224,1,1.3391685263620885,eligible,pmks_positive_0026,matched,
matlab_0027,matlab_sweep_00,27,2.0420352248333655,1,1.3385756783952032,eligible,pmks_positive_0027,matched,
matlab_0028,matlab_sweep_00,28,2.0594885173533086,1,1.3379952897616323,eligible,pmks_positive_0028,matched,
matlab_0029,matlab_sweep_00,29,2.0769418098732517,1,1.3374310009795172,eligible,pmks_positive_0029,matched,
matlab_0030,matlab_sweep_00,30,2.0943951023931948,1,1.336886539219371,eligible,pmks_positive_0030,matched,
matlab_0031,matlab_sweep_00,31,2.1118483949131379,1,1.3363657124130002,eligible,pmks_positive_0031,matched,
matlab_0032,matlab_sweep_00,32,2.129301687433081,1,1.3358724029970208,eligible,pmks_positive_0032,matched,
matlab_0033,matlab_sweep_00,33,2.1467549799530241,1,1.3354105612831408,eligible,pmks_positive_0033,matched,
matlab_0034,matlab_sweep_00,34,2.1642082724729672,1,1.3349841984497759,eligible,pmks_positive_0034,matched,
matlab_0035,matlab_sweep_00,35,2.1816615649929103,1,1.3345973791525643,eligible,pmks_positive_0035,matched,
matlab_0036,matlab_sweep_00,36,2.1991148575128534,1,1.3342542137547502,eligible,pmks_positive_0036,matched,
matlab_0037,matlab_sweep_00,37,2.2165681500327965,1,1.3339588501823541,eligible,pmks_positive_0037,matched,
matlab_0038,matlab_sweep_00,38,2.2340214425527396,1,1.3337154654134331,eligible,pmks_positive_0038,matched,
matlab_0039,matlab_sweep_00,39,2.2514747350726827,1,1.3335282566155722,eligible,pmks_positive_0039,matched,
matlab_0040,matlab_sweep_00,40,2.2689280275926258,1,1.3334014319510203,eligible,pmks_positive_0040,matched,
matlab_0041,matlab_sweep_00,41,2.2863813201125689,1,1.3333392010744374,eligible,pmks_positive_0041,matched,
matlab_0042,matlab_sweep_00,42,2.303834612632512,1,1.3333457653540792,eligible,pmks_positive_0042,matched,
matlab_0043,matlab_sweep_00,43,2.3212879051524551,1,1.3334253078532461,eligible,pmks_positive_0043,matched,
matlab_0044,matlab_sweep_00,44,2.3387411976723982,1,1.3335819831148565,eligible,pmks_positive_0044,matched,
matlab_0045,matlab_sweep_00,45,2.3561944901923413,1,1.3338199067979721,eligible,pmks_positive_0045,matched,
matlab_0046,matlab_sweep_00,46,2.3736477827122844,1,1.3341431452207999,eligible,pmks_positive_0046,matched,
matlab_0047,matlab_sweep_00,47,2.3911010752322275,1,1.3345557048700429,eligible,pmks_positive_0047,matched,
matlab_0048,matlab_sweep_00,48,2.4085543677521706,1,1.3350615219412172,eligible,pmks_positive_0048,matched,
matlab_0049,matlab_sweep_00,49,2.4260076602721137,1,1.3356644519786136,eligible,pmks_positive_0049,matched,
matlab_0050,matlab_sweep_00,50,2.4434609527920568,1,1.3363682596867643,eligible,pmks_positive_0050,matched,
matlab_0051,matlab_sweep_00,51,2.4609142453119999,1,1.3371766089874062,eligible,pmks_positive_0051,matched,
matlab_0052,matlab_sweep_00,52,2.478367537831943,1,1.3380930533969613,eligible,pmks_positive_0052,matched,
matlab_0053,matlab_sweep_00,53,2.4958208303518861,1,1.3391210267992795,eligible,pmks_positive_0053,matched,
matlab_0054,matlab_sweep_00,54,2.5132741228718292,1,1.3402638346868212,eligible,pmks_positive_0054,matched,
matlab_0055,matlab_sweep_00,55,2.5307274153917723,1,1.3415246459404992,eligible,pmks_positive_0055,matched,
matlab_0056,matlab_sweep_00,56,2.5481807079117154,1,1.3429064852140946,eligible,pmks_positive_0056,matched,
matlab_0057,matlab_sweep_00,57,2.5656340004316585,1,1.344412225983479,eligible,pmks_positive_0057,matched,
matlab_0058,matlab_sweep_00,58,2.5830872929516016,1,1.346044584314029,eligible,pmks_positive_0058,matched,
matlab_0059,matlab_sweep_00,59,2.6005405854715447,1,1.3478061133915529,eligible,pmks_positive_0059,matched,
matlab_0060,matlab_sweep_00,60,2.6179938779914878,1,1.3496991988530846,eligible,pmks_positive_0060,matched,
matlab_0061,matlab_sweep_00,61,2.6354471705114308,1,1.3517260549441374,eligible,pmks_positive_0061,matched,
matlab_0062,matlab_sweep_00,62,2.6529004630313739,1,1.3538887215186879,eligible,pmks_positive_0062,matched,
matlab_0063,matlab_sweep_00,63,2.670353755551317,1,1.3561890618875274,eligible,pmks_positive_0063,matched,
matlab_0064,matlab_sweep_00,64,2.6878070480712601,1,1.3586287615098993,eligible,pmks_positive_0064,matched,
matlab_0065,matlab_sweep_00,65,2.7052603405912032,1,1.3612093275127997,eligible,pmks_positive_0065,matched,
matlab_0066,matlab_sweep_00,66,2.7227136331111463,1,1.3639320890121986,eligible,pmks_positive_0066,matched,
matlab_0067,matlab_sweep_00,67,2.7401669256310894,1,1.3667981982009187,eligible,pmks_positive_0067,matched,
matlab_0068,matlab_sweep_00,68,2.7576202181510325,1,1.3698086321592344,eligible,pmks_positive_0068,matched,
matlab_0069,matlab_sweep_00,69,2.7750735106709756,1,1.372964195336591,eligible,pmks_positive_0069,matched,
matlab_0070,matlab_sweep_00,70,2.7925268031909187,1,1.3762655226462526,eligible,pmks_positive_0070,matched,
matlab_0071,matlab_sweep_00,71,2.8099800957108618,1,1.3797130831093849,eligible,pmks_positive_0071,matched,
matlab_0072,matlab_sweep_00,72,2.8274333882308049,1,1.3833071839809754,eligible,pmks_positive_0072,matched,
matlab_0073,matlab_sweep_00,73,2.844886680750748,1,1.3870479752872451,eligible,pmks_positive_0073,matched,
matlab_0074,matlab_sweep_00,74,2.8623399732706911,1,1.3909354547026851,eligible,pmks_positive_0074,matched,
matlab_0075,matlab_sweep_00,75,2.8797932657906342,1,1.3949694726945496,eligible,pmks_positive_0075,matched,
matlab_0076,matlab_sweep_00,76,2.8972465583105773,1,1.3991497378635094,eligible,pmks_positive_0076,matched,
matlab_0077,matlab_sweep_00,77,2.9146998508305204,1,1.4034758224110082,eligible,pmks_positive_0077,matched,
matlab_0078,matlab_sweep_00,78,2.9321531433504635,1,1.4079471676666824,eligible,pmks_positive_0078,matched,
matlab_0079,matlab_sweep_00,79,2.9496064358704066,1,1.4125630896127384,eligible,pmks_positive_0079,matched,
matlab_0080,matlab_sweep_00,80,2.9670597283903497,1,1.4173227843464027,eligible,pmks_positive_0080,matched,
matlab_0081,matlab_sweep_00,81,2.9845130209102928,1,1.4222253334262296,eligible,pmks_positive_0081,matched,
matlab_0082,matlab_sweep_00,82,3.0019663134302359,1,1.4272697090531237,eligible,pmks_positive_0082,matched,
matlab_0083,matlab_sweep_00,83,3.019419605950179,1,1.4324547790421958,eligible,pmks_positive_0083,matched,
matlab_0084,matlab_sweep_00,84,3.0368728984701221,1,1.4377793115469719,eligible,pmks_positive_0084,matched,
matlab_0085,matlab_sweep_00,85,3.0543261909900652,1,1.4432419795028431,eligible,pmks_positive_0085,matched,
matlab_0086,matlab_sweep_00,86,3.0717794835100083,1,1.4488413647619549,eligible,pmks_positive_0086,matched,
matlab_0087,matlab_sweep_00,87,3.0892327760299514,1,1.454575961896835,eligible,pmks_positive_0087,matched,
matlab_0088,matlab_sweep_00,88,3.1066860685498945,1,1.460444181654948,eligible,pmks_positive_0088,matched,
matlab_0089,matlab_sweep_00,89,3.1241393610698376,1,1.4664443540509629,eligible,pmks_positive_0089,matched,
matlab_0090,matlab_sweep_00,90,3.1415926535897807,1,1.4725747310877695,eligible,pmks_positive_0090,matched,
matlab_0091,matlab_sweep_00,91,3.1590459461097233,1,1.4788334891012334,eligible,pmks_positive_0091,matched,
matlab_0092,matlab_sweep_00,92,3.1764992386296664,1,1.4852187307272104,eligible,pmks_positive_0092,matched,
matlab_0093,matlab_sweep_00,93,3.1939525311496095,1,1.4917284864925759,eligible,pmks_positive_0093,matched,
matlab_0094,matlab_sweep_00,94,3.2114058236695526,1,1.4983607160348575,eligible,pmks_positive_0094,matched,
matlab_0095,matlab_sweep_00,95,3.2288591161894957,1,1.505113308957571,eligible,pmks_positive_0095,matched,
matlab_0096,matlab_sweep_00,96,3.2463124087094388,1,1.5119840853305577,eligible,pmks_positive_0096,matched,
matlab_0097,matlab_sweep_00,97,3.2637657012293819,1,1.5189707958465029,eligible,pmks_positive_0097,matched,
matlab_0098,matlab_sweep_00,98,3.2812189937493255,1,1.5260711216464284,eligible,pmks_positive_0098,matched,
matlab_0099,matlab_sweep_00,99,3.2986722862692681,1,1.5332826738283334,eligible,pmks_positive_0099,matched,
matlab_0100,matlab_sweep_00,100,3.3161255787892117,1,1.540602992654295,eligible,pmks_positive_0100,matched,
matlab_0101,matlab_sweep_00,101,3.3335788713091543,1,1.5480295464723202,eligible,pmks_positive_0101,matched,
matlab_0102,matlab_sweep_00,102,3.3510321638290979,1,1.5555597303700324,eligible,pmks_positive_0102,matched,
matlab_0103,matlab_sweep_00,103,3.368485456349041,1,1.5631908645779538,eligible,pmks_positive_0103,matched,
matlab_0104,matlab_sweep_00,104,3.385938748868984,1,1.5709201926406891,eligible,pmks_positive_0104,matched,
matlab_0105,matlab_sweep_00,105,3.4033920413889267,1,1.5787448793748198,eligible,pmks_positive_0105,matched,
matlab_0106,matlab_sweep_00,106,3.4208453339088698,1,1.5866620086327057,eligible,pmks_positive_0106,matched,
matlab_0107,matlab_sweep_00,107,3.4382986264288133,1,1.5946685808917642,eligible,pmks_positive_0107,matched,
matlab_0108,matlab_sweep_00,108,3.455751918948756,1,1.6027615106891575,eligible,pmks_positive_0108,matched,
matlab_0109,matlab_sweep_00,109,3.4732052114686991,1,1.6109376239221265,eligible,pmks_positive_0109,matched,
matlab_0110,matlab_sweep_00,110,3.4906585039886426,1,1.6191936550345607,eligible,pmks_positive_0110,matched,
matlab_0111,matlab_sweep_00,111,3.5081117965085857,1,1.6275262441107246,eligible,pmks_positive_0111,matched,
matlab_0112,matlab_sweep_00,112,3.5255650890285288,1,1.6359319338974483,eligible,pmks_positive_0112,matched,
matlab_0113,matlab_sweep_00,113,3.5430183815484719,1,1.6444071667764533,eligible,pmks_positive_0113,matched,
matlab_0114,matlab_sweep_00,114,3.5604716740684146,1,1.6529482817089507,eligible,pmks_positive_0114,matched,
matlab_0115,matlab_sweep_00,115,3.5779249665883581,1,1.6615515111750725,eligible,pmks_positive_0115,matched,
matlab_0116,matlab_sweep_00,116,3.5953782591083012,1,1.6702129781312114,eligible,pmks_positive_0116,matched,
matlab_0117,matlab_sweep_00,117,3.6128315516282443,1,1.6789286930088836,eligible,pmks_positive_0117,matched,
matlab_0118,matlab_sweep_00,118,3.6302848441481874,1,1.6876945507792704,eligible,pmks_positive_0118,matched,
matlab_0119,matlab_sweep_00,119,3.6477381366681305,1,1.6965063281082062,eligible,pmks_positive_0119,matched,
matlab_0120,matlab_sweep_00,120,3.6651914291880736,1,1.7053596806269726,eligible,pmks_positive_0120,matched,
matlab_0121,matlab_sweep_00,121,3.6826447217080167,1,1.7142501403449095,eligible,pmks_positive_0121,matched,
matlab_0122,matlab_sweep_00,122,3.7000980142279598,1,1.7231731132304611,eligible,pmks_positive_0122,matched,
matlab_0123,matlab_sweep_00,123,3.7175513067479029,1,1.7321238769879099,eligible,pmks_positive_0123,matched,
matlab_0124,matlab_sweep_00,124,3.735004599267846,1,1.7410975790576806,eligible,pmks_positive_0124,matched,
matlab_0125,matlab_sweep_00,125,3.7524578917877891,1,1.7500892348686341,eligible,pmks_positive_0125,matched,
matlab_0126,matlab_sweep_00,126,3.7699111843077318,1,1.7590937263713531,eligible,pmks_positive_0126,matched,
matlab_0127,matlab_sweep_00,127,3.7873644768276753,1,1.7681058008818673,eligible,pmks_positive_0127,matched,
matlab_0128,matlab_sweep_00,128,3.804817769347618,1,1.7771200702656682,eligible,pmks_positive_0128,matched,
matlab_0129,matlab_sweep_00,129,3.8222710618675615,1,1.786131010492177,eligible,pmks_positive_0129,matched,
matlab_0130,matlab_sweep_00,130,3.8397243543875046,1,1.7951329615900238,eligible,pmks_positive_0130,matched,
matlab_0131,matlab_sweep_00,131,3.8571776469074472,1,1.8041201280335304,eligible,pmks_positive_0131,matched,
matlab_0132,matlab_sweep_00,132,3.8746309394273908,1,1.8130865795907338,eligible,pmks_positive_0132,matched,
matlab_0133,matlab_sweep_00,133,3.8920842319473339,1,1.8220262526629891,eligible,pmks_positive_0133,matched,
matlab_0134,matlab_sweep_00,134,3.909537524467277,1,1.8309329521457338,eligible,pmks_positive_0134,matched,
matlab_0135,matlab_sweep_00,135,3.9269908169872201,1,1.8398003538393577,eligible,pmks_positive_0135,matched,
matlab_0136,matlab_sweep_00,136,3.9444441095071627,1,1.8486220074381483,eligible,pmks_positive_0136,matched,
matlab_0137,matlab_sweep_00,137,3.9618974020271063,1,1.8573913401241959,eligible,pmks_positive_0137,matched,
matlab_0138,matlab_sweep_00,138,3.9793506945470489,1,1.8661016607916245,eligible,pmks_positive_0138,matched,
matlab_0139,matlab_sweep_00,139,3.9968039870669925,1,1.874746164924874,eligible,pmks_positive_0139,matched,
matlab_0140,matlab_sweep_00,140,4.0142572795869356,1,1.8833179401526416,eligible,pmks_positive_0140,matched,
matlab_0141,matlab_sweep_00,141,4.0317105721068787,1,1.8918099724968083,eligible,pmks_positive_0141,matched,
matlab_0142,matlab_sweep_00,142,4.0491638646268218,1,1.9002151533329512,eligible,pmks_positive_0142,matched,
matlab_0143,matlab_sweep_00,143,4.0666171571467649,1,1.9085262870760364,eligible,pmks_positive_0143,matched,
matlab_0144,matlab_sweep_00,144,4.084070449666708,1,1.916736099601521,eligible,pmks_positive_0144,matched,
matlab_0145,matlab_sweep_00,145,4.1015237421866511,1,1.9248372474083832,eligible,pmks_positive_0145,matched,
matlab_0146,matlab_sweep_00,146,4.1189770347065942,1,1.932822327526551,eligible,pmks_positive_0146,matched,
matlab_0147,matlab_sweep_00,147,4.1364303272265373,1,1.9406838881668347,eligible,pmks_positive_0147,matched,
matlab_0148,matlab_sweep_00,148,4.1538836197464803,1,1.948414440106746,eligible,pmks_positive_0148,matched,
matlab_0149,matlab_sweep_00,149,4.1713369122664226,1,1.9560064688006282,eligible,pmks_positive_0149,matched,
matlab_0150,matlab_sweep_00,150,4.1887902047863665,1,1.963452447197227,eligible,pmks_positive_0150,matched,
matlab_0151,matlab_sweep_00,151,4.2062434973063088,1,1.9707448492423454,eligible,pmks_positive_0151,matched,
matlab_0152,matlab_sweep_00,152,4.2236967898262527,1,1.9778761640385034,eligible,pmks_positive_0152,matched,
matlab_0153,matlab_sweep_00,153,4.2411500823461949,1,1.9848389106276678,eligible,pmks_positive_0153,matched,
matlab_0154,matlab_sweep_00,154,4.2586033748661389,1,1.9916256533571153,eligible,pmks_positive_0154,matched,
matlab_0155,matlab_sweep_00,155,4.2760566673860811,1,1.9982290177824731,eligible,pmks_positive_0155,matched,
matlab_0156,matlab_sweep_00,156,4.2935099599060251,1,2.004641707055939,eligible,pmks_positive_0156,matched,
matlab_0157,matlab_sweep_00,157,4.3109632524259682,1,2.0108565187417131,eligible,pmks_positive_0157,matched,
matlab_0158,matlab_sweep_00,158,4.3284165449459113,1,2.0168663619948752,eligible,pmks_positive_0158,matched,
matlab_0159,matlab_sweep_00,159,4.3458698374658535,1,2.0226642750342823,eligible,pmks_positive_0159,matched,
matlab_0160,matlab_sweep_00,160,4.3633231299857975,1,2.0282434428347904,eligible,pmks_positive_0160,matched,
matlab_0161,matlab_sweep_00,161,4.3807764225057406,1,2.0335972149591033,eligible,pmks_positive_0161,matched,
matlab_0162,matlab_sweep_00,162,4.3982297150256837,1,2.0387191234450572,eligible,pmks_positive_0162,matched,
matlab_0163,matlab_sweep_00,163,4.4156830075456259,1,2.0436029006601286,eligible,pmks_positive_0163,matched,
matlab_0164,matlab_sweep_00,164,4.4331363000655699,1,2.0482424970315729,eligible,pmks_positive_0164,matched,
matlab_0165,matlab_sweep_00,165,4.450589592585513,1,2.0526320985578241,eligible,pmks_positive_0165,matched,
matlab_0166,matlab_sweep_00,166,4.4680428851054561,1,2.0567661440047846,eligible,pmks_positive_0166,matched,
matlab_0167,matlab_sweep_00,167,4.4854961776253983,1,2.0606393416894022,eligible,pmks_positive_0167,matched,
matlab_0168,matlab_sweep_00,168,4.5029494701453423,1,2.0642466857524888,eligible,pmks_positive_0168,matched,
matlab_0169,matlab_sweep_00,169,4.5204027626652845,1,2.0675834718232875,eligible,pmks_positive_0169,matched,
matlab_0170,matlab_sweep_00,170,4.5378560551852285,1,2.0706453119795856,eligible,pmks_positive_0170,matched,
matlab_0171,matlab_sweep_00,171,4.5553093477051716,1,2.0734281489095276,eligible,pmks_positive_0171,matched,
matlab_0172,matlab_sweep_00,172,4.5727626402251147,1,2.0759282691845007,eligible,pmks_positive_0172,matched,
matlab_0173,matlab_sweep_00,173,4.5902159327450578,1,2.0781423155566272,eligible,pmks_positive_0173,matched,
matlab_0174,matlab_sweep_00,174,4.6076692252650009,1,2.0800672981994146,eligible,pmks_positive_0174,matched,
matlab_0175,matlab_sweep_00,175,4.6251225177849431,1,2.0817006048161084,eligible,pmks_positive_0175,matched,
matlab_0176,matlab_sweep_00,176,4.6425758103048871,1,2.0830400095469517,eligible,pmks_positive_0176,matched,
matlab_0177,matlab_sweep_00,177,4.6600291028248293,1,2.0840836806141452,eligible,pmks_positive_0177,matched,
matlab_0178,matlab_sweep_00,178,4.6774823953447733,1,2.0848301866514065,eligible,pmks_positive_0178,matched,
matlab_0179,matlab_sweep_00,179,4.6949356878647155,1,2.0852785016738813,eligible,pmks_positive_0179,matched,
matlab_0180,matlab_sweep_00,180,4.7123889803846595,1,2.085428008653408,eligible,pmks_positive_0180,matched,
matlab_0181,matlab_sweep_00,181,4.7298422729046026,1,2.0852785016738826,eligible,pmks_positive_0181,matched,
matlab_0182,matlab_sweep_00,182,4.7472955654245457,1,2.0848301866514092,eligible,pmks_positive_0182,matched,
matlab_0183,matlab_sweep_00,183,4.7647488579444888,1,2.0840836806141474,eligible,pmks_positive_0183,matched,
matlab_0184,matlab_sweep_00,184,4.7822021504644319,1,2.0830400095469548,eligible,pmks_positive_0184,matched,
matlab_0185,matlab_sweep_00,185,4.799655442984375,1,2.0817006048161133,eligible,pmks_positive_0185,matched,
matlab_0186,matlab_sweep_00,186,4.8171087355043181,1,2.0800672981994213,eligible,pmks_positive_0186,matched,
matlab_0187,matlab_sweep_00,187,4.8345620280242612,1,2.0781423155566343,eligible,pmks_positive_0187,matched,
matlab_0188,matlab_sweep_00,188,4.8520153205442043,1,2.0759282691845091,eligible,pmks_positive_0188,matched,
matlab_0189,matlab_sweep_00,189,4.8694686130641474,1,2.0734281489095356,eligible,pmks_positive_0189,matched,
matlab_0190,matlab_sweep_00,190,4.8869219055840905,1,2.0706453119795962,eligible,pmks_positive_0190,matched,
matlab_0191,matlab_sweep_00,191,4.9043751981040336,1,2.067583471823299,eligible,pmks_positive_0191,matched,
matlab_0192,matlab_sweep_00,192,4.9218284906239766,1,2.0642466857524999,eligible,pmks_positive_0192,matched,
matlab_0193,matlab_sweep_00,193,4.9392817831439197,1,2.0606393416894142,eligible,pmks_positive_0193,matched,
matlab_0194,matlab_sweep_00,194,4.9567350756638628,1,2.0567661440047993,eligible,pmks_positive_0194,matched,
matlab_0195,matlab_sweep_00,195,4.9741883681838059,1,2.0526320985578388,eligible,pmks_positive_0195,matched,
matlab_0196,matlab_sweep_00,196,4.991641660703749,1,2.0482424970315884,eligible,pmks_positive_0196,matched,
matlab_0197,matlab_sweep_00,197,5.0090949532236921,1,2.0436029006601455,eligible,pmks_positive_0197,matched,
matlab_0198,matlab_sweep_00,198,5.0265482457436352,1,2.0387191234450746,eligible,pmks_positive_0198,matched,
matlab_0199,matlab_sweep_00,199,5.0440015382635783,1,2.0335972149591215,eligible,pmks_positive_0199,matched,
matlab_0200,matlab_sweep_00,200,5.0614548307835214,1,2.0282434428348091,eligible,pmks_positive_0200,matched,
matlab_0201,matlab_sweep_00,201,5.0789081233034645,1,2.0226642750343018,eligible,pmks_positive_0201,matched,
matlab_0202,matlab_sweep_00,202,5.0963614158234076,1,2.0168663619948961,eligible,pmks_positive_0202,matched,
matlab_0203,matlab_sweep_00,203,5.1138147083433507,1,2.0108565187417349,eligible,pmks_positive_0203,matched,
matlab_0204,matlab_sweep_00,204,5.1312680008632938,1,2.0046417070559608,eligible,pmks_positive_0204,matched,
matlab_0205,matlab_sweep_00,205,5.1487212933832369,1,1.9982290177824964,eligible,pmks_positive_0205,matched,
matlab_0206,matlab_sweep_00,206,5.16617458590318,1,1.9916256533571388,eligible,pmks_positive_0206,matched,
matlab_0207,matlab_sweep_00,207,5.1836278784231231,1,1.9848389106276918,eligible,pmks_positive_0207,matched,
matlab_0208,matlab_sweep_00,208,5.2010811709430662,1,1.9778761640385276,eligible,pmks_positive_0208,matched,
matlab_0209,matlab_sweep_00,209,5.2185344634630093,1,1.97074484924237,eligible,pmks_positive_0209,matched,
matlab_0210,matlab_sweep_00,210,5.2359877559829524,1,1.9634524471972534,eligible,pmks_positive_0210,matched,
matlab_0211,matlab_sweep_00,211,5.2534410485028955,1,1.9560064688006542,eligible,pmks_positive_0211,matched,
matlab_0212,matlab_sweep_00,212,5.2708943410228386,1,1.9484144401067722,eligible,pmks_positive_0212,matched,
matlab_0213,matlab_sweep_00,213,5.2883476335427817,1,1.9406838881668615,eligible,pmks_positive_0213,matched,
matlab_0214,matlab_sweep_00,214,5.3058009260627248,1,1.932822327526579,eligible,pmks_positive_0214,matched,
matlab_0215,matlab_sweep_00,215,5.3232542185826679,1,1.9248372474084114,eligible,pmks_positive_0215,matched,
matlab_0216,matlab_sweep_00,216,5.340707511102611,1,1.9167360996015497,eligible,pmks_positive_0216,matched,
matlab_0217,matlab_sweep_00,217,5.3581608036225541,1,1.9085262870760653,eligible,pmks_positive_0217,matched,
matlab_0218,matlab_sweep_00,218,5.3756140961424972,1,1.9002151533329801,eligible,pmks_positive_0218,matched,
matlab_0219,matlab_sweep_00,219,5.3930673886624403,1,1.8918099724968367,eligible,pmks_positive_0219,matched,
matlab_0220,matlab_sweep_00,220,5.4105206811823834,1,1.883317940152671,eligible,pmks_positive_0220,matched,
matlab_0221,matlab_sweep_00,221,5.4279739737023265,1,1.8747461649249044,eligible,pmks_positive_0221,matched,
matlab_0222,matlab_sweep_00,222,5.4454272662222696,1,1.8661016607916552,eligible,pmks_positive_0222,matched,
matlab_0223,matlab_sweep_00,223,5.4628805587422127,1,1.8573913401242261,eligible,pmks_positive_0223,matched,
matlab_0224,matlab_sweep_00,224,5.4803338512621558,1,1.8486220074381794,eligible,pmks_positive_0224,matched,
matlab_0225,matlab_sweep_00,225,5.4977871437820989,1,1.8398003538393877,eligible,pmks_positive_0225,matched,
matlab_0226,matlab_sweep_00,226,5.515240436302042,1,1.8309329521457649,eligible,pmks_positive_0226,matched,
matlab_0227,matlab_sweep_00,227,5.5326937288219851,1,1.82202625266302,eligible,pmks_positive_0227,matched,
matlab_0228,matlab_sweep_00,228,5.5501470213419282,1,1.8130865795907656,eligible,pmks_positive_0228,matched,
matlab_0229,matlab_sweep_00,229,5.5676003138618713,1,1.8041201280335606,eligible,pmks_positive_0229,matched,
matlab_0230,matlab_sweep_00,230,5.5850536063818144,1,1.7951329615900549,eligible,pmks_positive_0230,matched,
matlab_0231,matlab_sweep_00,231,5.6025068989017575,1,1.786131010492209,eligible,pmks_positive_0231,matched,
matlab_0232,matlab_sweep_00,232,5.6199601914217006,1,1.7771200702656997,eligible,pmks_positive_0232,matched,
matlab_0233,matlab_sweep_00,233,5.6374134839416437,1,1.7681058008818988,eligible,pmks_positive_0233,matched,
matlab_0234,matlab_sweep_00,234,5.6548667764615868,1,1.7590937263713846,eligible,pmks_positive_0234,matched,
matlab_0235,matlab_sweep_00,235,5.6723200689815299,1,1.7500892348686647,eligible,pmks_positive_0235,matched,
matlab_0236,matlab_sweep_00,236,5.6897733615014729,1,1.7410975790577123,eligible,pmks_positive_0236,matched,
matlab_0237,matlab_sweep_00,237,5.707226654021416,1,1.7321238769879419,eligible,pmks_positive_0237,matched,
matlab_0238,matlab_sweep_00,238,5.7246799465413591,1,1.7231731132304922,eligible,pmks_positive_0238,matched,
matlab_0239,matlab_sweep_00,239,5.7421332390613022,1,1.7142501403449408,eligible,pmks_positive_0239,matched,
matlab_0240,matlab_sweep_00,240,5.7595865315812453,1,1.7053596806270033,eligible,pmks_positive_0240,matched,
matlab_0241,matlab_sweep_00,241,5.7770398241011884,1,1.6965063281082362,eligible,pmks_positive_0241,matched,
matlab_0242,matlab_sweep_00,242,5.7944931166211315,1,1.6876945507793011,eligible,pmks_positive_0242,matched,
matlab_0243,matlab_sweep_00,243,5.8119464091410746,1,1.6789286930089138,eligible,pmks_positive_0243,matched,
matlab_0244,matlab_sweep_00,244,5.8293997016610177,1,1.6702129781312416,eligible,pmks_positive_0244,matched,
matlab_0245,matlab_sweep_00,245,5.8468529941809608,1,1.6615515111751027,eligible,pmks_positive_0245,matched,
matlab_0246,matlab_sweep_00,246,5.8643062867009039,1,1.6529482817089804,eligible,pmks_positive_0246,matched,
matlab_0247,matlab_sweep_00,247,5.881759579220847,1,1.6444071667764826,eligible,pmks_positive_0247,matched,
matlab_0248,matlab_sweep_00,248,5.8992128717407901,1,1.6359319338974769,eligible,pmks_positive_0248,matched,
matlab_0249,matlab_sweep_00,249,5.9166661642607332,1,1.6275262441107539,eligible,pmks_positive_0249,matched,
matlab_0250,matlab_sweep_00,250,5.9341194567806763,1,1.6191936550345891,eligible,pmks_positive_0250,matched,
matlab_0251,matlab_sweep_00,251,5.9515727493006194,1,1.6109376239221551,eligible,pmks_positive_0251,matched,
matlab_0252,matlab_sweep_00,252,5.9690260418205625,1,1.6027615106891857,eligible,pmks_positive_0252,matched,
matlab_0253,matlab_sweep_00,253,5.9864793343405056,1,1.594668580891792,eligible,pmks_positive_0253,matched,
matlab_0254,matlab_sweep_00,254,6.0039326268604487,1,1.5866620086327337,eligible,pmks_positive_0254,matched,
matlab_0255,matlab_sweep_00,255,6.0213859193803918,1,1.5787448793748473,eligible,pmks_positive_0255,matched,
matlab_0256,matlab_sweep_00,256,6.0388392119003349,1,1.5709201926407159,eligible,pmks_positive_0256,matched,
matlab_0257,matlab_sweep_00,257,6.056292504420278,1,1.5631908645779802,eligible,pmks_positive_0257,matched,
matlab_0258,matlab_sweep_00,258,6.0737457969402211,1,1.5555597303700592,eligible,pmks_positive_0258,matched,
matlab_0259,matlab_sweep_00,259,6.0911990894601642,1,1.5480295464723459,eligible,pmks_positive_0259,matched,
matlab_0260,matlab_sweep_00,260,6.1086523819801073,1,1.5406029926543205,eligible,pmks_positive_0260,matched,
matlab_0261,matlab_sweep_00,261,6.1261056745000504,1,1.5332826738283594,eligible,pmks_positive_0261,matched,
matlab_0262,matlab_sweep_00,262,6.1435589670199935,1,1.5260711216464531,eligible,pmks_positive_0262,matched,
matlab_0263,matlab_sweep_00,263,6.1610122595399366,1,1.5189707958465271,eligible,pmks_positive_0263,matched,
matlab_0264,matlab_sweep_00,264,6.1784655520598797,1,1.5119840853305813,eligible,pmks_positive_0264,matched,
matlab_0265,matlab_sweep_00,265,6.1959188445798228,1,1.5051133089575945,eligible,pmks_positive_0265,matched,
matlab_0266,matlab_sweep_00,266,6.2133721370997659,1,1.4983607160348804,eligible,pmks_positive_0266,matched,
matlab_0267,matlab_sweep_00,267,6.230825429619709,1,1.4917284864925993,eligible,pmks_positive_0267,matched,
matlab_0268,matlab_sweep_00,268,6.2482787221396521,1,1.4852187307272318,eligible,pmks_positive_0268,matched,
matlab_0269,matlab_sweep_00,269,6.2657320146595952,1,1.4788334891012545,eligible,pmks_positive_0269,matched,
matlab_0270,matlab_sweep_00,270,6.2831853071795383,1,1.4725747310877912,eligible,pmks_positive_0270,matched,
matlab_0271,matlab_sweep_00,271,6.3006385996994814,1,1.4664443540509842,eligible,pmks_positive_0271,matched,
matlab_0272,matlab_sweep_00,272,6.3180918922194245,1,1.4604441816549689,eligible,pmks_positive_0272,matched,
matlab_0273,matlab_sweep_00,273,6.3355451847393676,1,1.454575961896855,eligible,pmks_positive_0273,matched,
matlab_0274,matlab_sweep_00,274,6.3529984772593107,1,1.4488413647619749,eligible,pmks_positive_0274,matched,
matlab_0275,matlab_sweep_00,275,6.3704517697792538,1,1.4432419795028626,eligible,pmks_positive_0275,matched,
matlab_0276,matlab_sweep_00,276,6.3879050622991969,1,1.4377793115469901,eligible,pmks_positive_0276,matched,
matlab_0277,matlab_sweep_00,277,6.40535835481914,1,1.4324547790422137,eligible,pmks_positive_0277,matched,
matlab_0278,matlab_sweep_00,278,6.4228116473390831,1,1.4272697090531412,eligible,pmks_positive_0278,matched,
matlab_0279,matlab_sweep_00,279,6.4402649398590261,1,1.4222253334262471,eligible,pmks_positive_0279,matched,
matlab_0280,matlab_sweep_00,280,6.4577182323789692,1,1.4173227843464191,eligible,pmks_positive_0280,matched,
matlab_0281,matlab_sweep_00,281,6.4751715248989123,1,1.4125630896127548,eligible,pmks_positive_0281,matched,
matlab_0282,matlab_sweep_00,282,6.4926248174188554,1,1.4079471676666979,eligible,pmks_positive_0282,matched,
matlab_0283,matlab_sweep_00,283,6.5100781099387985,1,1.403475822411024,eligible,pmks_positive_0283,matched,
matlab_0284,matlab_sweep_00,284,6.5275314024587416,1,1.3991497378635251,eligible,pmks_positive_0284,matched,
matlab_0285,matlab_sweep_00,285,6.5449846949786847,1,1.3949694726945643,eligible,pmks_positive_0285,matched,
matlab_0286,matlab_sweep_00,286,6.5624379874986278,1,1.3909354547026984,eligible,pmks_positive_0286,matched,
matlab_0287,matlab_sweep_00,287,6.5798912800185709,1,1.3870479752872582,eligible,pmks_positive_0287,matched,
matlab_0288,matlab_sweep_00,288,6.597344572538514,1,1.3833071839809881,eligible,pmks_positive_0288,matched,
matlab_0289,matlab_sweep_00,289,6.6147978650584571,1,1.3797130831093969,eligible,pmks_positive_0289,matched,
matlab_0290,matlab_sweep_00,290,6.6322511575784002,1,1.3762655226462646,eligible,pmks_positive_0290,matched,
matlab_0291,matlab_sweep_00,291,6.6497044500983433,1,1.3729641953366014,eligible,pmks_positive_0291,matched,
matlab_0292,matlab_sweep_00,292,6.6671577426182864,1,1.3698086321592451,eligible,pmks_positive_0292,matched,
matlab_0293,matlab_sweep_00,293,6.6846110351382295,1,1.3667981982009285,eligible,pmks_positive_0293,matched,
matlab_0294,matlab_sweep_00,294,6.7020643276581726,1,1.3639320890122082,eligible,pmks_positive_0294,matched,
matlab_0295,matlab_sweep_00,295,6.7195176201781157,1,1.3612093275128088,eligible,pmks_positive_0295,matched,
matlab_0296,matlab_sweep_00,296,6.7369709126980588,1,1.3586287615099082,eligible,pmks_positive_0296,matched,
matlab_0297,matlab_sweep_00,297,6.7544242052180019,1,1.3561890618875363,eligible,pmks_positive_0297,matched,
matlab_0298,matlab_sweep_00,298,6.771877497737945,1,1.3538887215186965,eligible,pmks_positive_0298,matched,
matlab_0299,matlab_sweep_00,299,6.7893307902578881,1,1.3517260549441439,eligible,pmks_positive_0299,matched,
matlab_0300,matlab_sweep_00,300,6.8067840827778312,1,1.3496991988530913,eligible,pmks_positive_0300,matched,
matlab_0301,matlab_sweep_00,301,6.8242373752977743,1,1.3478061133915591,eligible,pmks_positive_0301,matched,
matlab_0302,matlab_sweep_00,302,6.8416906678177174,1,1.346044584314035,eligible,pmks_positive_0302,matched,
matlab_0303,matlab_sweep_00,303,6.8591439603376605,1,1.3444122259834834,eligible,pmks_positive_0303,matched,
matlab_0304,matlab_sweep_00,304,6.8765972528576036,1,1.3429064852140997,eligible,pmks_positive_0304,matched,
matlab_0305,matlab_sweep_00,305,6.8940505453775467,1,1.3415246459405041,eligible,pmks_positive_0305,matched,
matlab_0306,matlab_sweep_00,306,6.9115038378974898,1,1.340263834686825,eligible,pmks_positive_0306,matched,
matlab_0307,matlab_sweep_00,307,6.9289571304174329,1,1.3391210267992839,eligible,pmks_positive_0307,matched,
matlab_0308,matlab_sweep_00,308,6.946410422937376,1,1.338093053396965,eligible,pmks_positive_0308,matched,
matlab_0309,matlab_sweep_00,309,6.9638637154573191,1,1.3371766089874089,eligible,pmks_positive_0309,matched,
matlab_0310,matlab_sweep_00,310,6.9813170079772622,1,1.3363682596867665,eligible,pmks_positive_0310,matched,
matlab_0311,matlab_sweep_00,311,6.9987703004972053,1,1.3356644519786165,eligible,pmks_positive_0311,matched,
matlab_0312,matlab_sweep_00,312,7.0162235930171484,1,1.3350615219412192,eligible,pmks_positive_0312,matched,
matlab_0313,matlab_sweep_00,313,7.0336768855370915,1,1.3345557048700443,eligible,pmks_positive_0313,matched,
matlab_0314,matlab_sweep_00,314,7.0511301780570346,1,1.3341431452208012,eligible,pmks_positive_0314,matched,
matlab_0315,matlab_sweep_00,315,7.0685834705769777,1,1.333819906797973,eligible,pmks_positive_0315,matched,
matlab_0316,matlab_sweep_00,316,7.0860367630969208,1,1.3335819831148576,eligible,pmks_positive_0316,matched,
matlab_0317,matlab_sweep_00,317,7.1034900556168639,1,1.3334253078532463,eligible,pmks_positive_0317,matched,
matlab_0318,matlab_sweep_00,318,7.120943348136807,1,1.3333457653540792,eligible,pmks_positive_0318,matched,
matlab_0319,matlab_sweep_00,319,7.1383966406567501,1,1.3333392010744372,eligible,pmks_positive_0319,matched,
matlab_0320,matlab_sweep_00,320,7.1558499331766932,1,1.3334014319510203,eligible,pmks_positive_0320,matched,
matlab_0321,matlab_sweep_00,321,7.1733032256966363,1,1.3335282566155717,eligible,pmks_positive_0321,matched,
matlab_0322,matlab_sweep_00,322,7.1907565182165794,1,1.3337154654134324,eligible,pmks_positive_0322,matched,
matlab_0323,matlab_sweep_00,323,7.2082098107365224,1,1.3339588501823532,eligible,pmks_positive_0323,matched,
matlab_0324,matlab_sweep_00,324,7.2256631032564655,1,1.3342542137547484,eligible,pmks_positive_0324,matched,
matlab_0325,matlab_sweep_00,325,7.2431163957764086,1,1.3345973791525627,eligible,pmks_positive_0325,matched,
matlab_0326,matlab_sweep_00,326,7.2605696882963517,1,1.3349841984497743,eligible,pmks_positive_0326,matched,
matlab_0327,matlab_sweep_00,327,7.2780229808162948,1,1.3354105612831388,eligible,pmks_positive_0327,matched,
matlab_0328,matlab_sweep_00,328,7.2954762733362379,1,1.335872402997019,eligible,pmks_positive_0328,matched,
matlab_0329,matlab_sweep_00,329,7.312929565856181,1,1.3363657124129988,eligible,pmks_positive_0329,matched,
matlab_0330,matlab_sweep_00,330,7.3303828583761241,1,1.3368865392193698,eligible,pmks_positive_0330,matched,
matlab_0331,matlab_sweep_00,331,7.3478361508960672,1,1.3374310009795154,eligible,pmks_positive_0331,matched,
matlab_0332,matlab_sweep_00,332,7.3652894434160103,1,1.3379952897616314,eligible,pmks_positive_0332,matched,
matlab_0333,matlab_sweep_00,333,7.3827427359359534,1,1.338575678395201,eligible,pmks_positive_0333,matched,
matlab_0334,matlab_sweep_00,334,7.4001960284558965,1,1.3391685263620863,eligible,pmks_positive_0334,matched,
matlab_0335,matlab_sweep_00,335,7.4176493209758396,1,1.3397702853321263,eligible,pmks_positive_0335,matched,
matlab_0336,matlab_sweep_00,336,7.4351026134957827,1,1.3403775043547148,eligible,pmks_positive_0336,matched,
matlab_0337,matlab_sweep_00,337,7.4525559060157258,1,1.3409868347190064,eligible,pmks_positive_0337,matched,
matlab_0338,matlab_sweep_00,338,7.4700091985356689,1,1.34159503449624,eligible,pmks_positive_0338,matched,
matlab_0339,matlab_sweep_00,339,7.487462491055612,1,1.3421989727781498,eligible,pmks_positive_0339,matched,
matlab_0340,matlab_sweep_00,340,7.5049157835755551,1,1.342795633625671,eligible,pmks_positive_0340,matched,
matlab_0341,matlab_sweep_00,341,7.5223690760954982,1,1.3433821197420956,eligible,pmks_positive_0341,matched,
matlab_0342,matlab_sweep_00,342,7.5398223686154413,1,1.3439556558846359,eligible,pmks_positive_0342,matched,
matlab_0343,matlab_sweep_00,343,7.5572756611353844,1,1.3445135920278972,eligible,pmks_positive_0343,matched,
matlab_0344,matlab_sweep_00,344,7.5747289536553275,1,1.3450534062922606,eligible,pmks_positive_0344,matched,
matlab_0345,matlab_sweep_00,345,7.5921822461752706,1,1.3455727076495145,eligible,pmks_positive_0345,matched,
matlab_0346,matlab_sweep_00,346,7.6096355386952137,1,1.3460692384173356,eligible,pmks_positive_0346,matched,
matlab_0347,matlab_sweep_00,347,7.6270888312151568,1,1.3465408765534401,eligible,pmks_positive_0347,matched,
matlab_0348,matlab_sweep_00,348,7.6445421237350999,1,1.3469856377594376,eligible,pmks_positive_0348,matched,
matlab_0349,matlab_sweep_00,349,7.661995416255043,1,1.347401677403544,eligible,pmks_positive_0349,matched,
matlab_0350,matlab_sweep_00,350,7.6794487087749861,1,1.3477872922705372,eligible,pmks_positive_0350,matched,
matlab_0351,matlab_sweep_00,351,7.6969020012949292,1,1.3481409221464735,eligible,pmks_positive_0351,matched,
matlab_0352,matlab_sweep_00,352,7.7143552938148723,1,1.3484611512449354,eligible,pmks_positive_0352,matched,
matlab_0353,matlab_sweep_00,353,7.7318085863348154,1,1.3487467094807848,eligible,pmks_positive_0353,matched,
matlab_0354,matlab_sweep_00,354,7.7492618788547585,1,1.3489964735967064,eligible,pmks_positive_0354,matched,
matlab_0355,matlab_sweep_00,355,7.7667151713747016,1,1.3492094681471016,eligible,pmks_positive_0355,matched,
matlab_0356,matlab_sweep_00,356,7.7841684638946447,1,1.3493848663432679,eligible,pmks_positive_0356,matched,
matlab_0357,matlab_sweep_00,357,7.8016217564145878,1,1.3495219907631768,eligible,pmks_positive_0357,matched,
matlab_0358,matlab_sweep_00,358,7.8190750489345309,1,1.3496203139285932,eligible,pmks_positive_0358,matched,
matlab_0359,matlab_sweep_00,359,7.836528341454474,1,1.349679458751726,eligible,pmks_positive_0359,matched,
matlab_0360,matlab_sweep_01,0,1.5707963267948306,1,1.3496991988530858,eligible,pmks_positive_0000,matched,
