sample_id,sweep_id,sweep_index,input_angle_rad,input_direction,time_s,jacobian_condition,eligibility
matlab_0000,matlab_sweep_00,0,0.98724638459910496,1,0,2.0413869742066502,eligible
matlab_0001,matlab_sweep_00,1,1.0046996771190482,1,0.01666666666666667,2.0487625982122513,eligible
matlab_0002,matlab_sweep_00,2,1.0221529696389915,1,0.03333333333333334,2.0563536088393088,eligible
matlab_0003,matlab_sweep_00,3,1.0396062621589348,1,0.05000000000000001,2.0641537240600236,eligible
matlab_0004,matlab_sweep_00,4,1.0570595546788781,1,0.06666666666666668,2.0721564146083318,eligible
matlab_0005,matlab_sweep_00,5,1.0745128471988215,1,0.083333333333333343,2.0803548996408794,eligible
matlab_0006,matlab_sweep_00,6,1.0919661397187648,1,0.10000000000000002,2.0887421421939782,eligible
matlab_0007,matlab_sweep_00,7,1.1094194322387081,1,0.11666666666666668,2.0973108444794861,eligible
matlab_0008,matlab_sweep_00,8,1.1268727247586514,1,0.13333333333333336,2.1060534430688409,eligible
matlab_0009,matlab_sweep_00,9,1.1443260172785947,1,0.15000000000000002,2.1149621040206226,eligible
matlab_0010,matlab_sweep_00,10,1.1617793097985381,1,0.16666666666666669,2.1240287180132955,eligible
matlab_0011,matlab_sweep_00,11,1.1792326023184814,1,0.18333333333333335,2.1332448955509098,eligible
matlab_0012,matlab_sweep_00,12,1.1966858948384247,1,0.20000000000000004,2.1426019623156471,eligible
matlab_0013,matlab_sweep_00,13,1.214139187358368,1,0.2166666666666667,2.1520909547469969,eligible
matlab_0014,matlab_sweep_00,14,1.2315924798783113,1,0.23333333333333336,2.1617026159331689,eligible
matlab_0015,matlab_sweep_00,15,1.2490457723982547,1,0.25,2.1714273919058606,eligible
matlab_0016,matlab_sweep_00,16,1.266499064918198,1,0.26666666666666672,2.1812554284347612,eligible
matlab_0017,matlab_sweep_00,17,1.2839523574381413,1,0.28333333333333338,2.1911765684230882,eligible
matlab_0018,matlab_sweep_00,18,1.3014056499580846,1,0.30000000000000004,2.2011803500099423,eligible
matlab_0019,matlab_sweep_00,19,1.3188589424780279,1,0.31666666666666671,2.2112560054892048,eligible
matlab_0020,matlab_sweep_00,20,1.3363122349979712,1,0.33333333333333337,2.2213924611581461,eligible
matlab_0021,matlab_sweep_00,21,1.3537655275179146,1,0.35000000000000003,2.2315783382115479,eligible
matlab_0022,matlab_sweep_00,22,1.3712188200378579,1,0.3666666666666667,2.2418019547991332,eligible
matlab_0023,matlab_sweep_00,23,1.3886721125578012,1,0.38333333333333336,2.2520513293649977,eligible
matlab_0024,matlab_sweep_00,24,1.4061254050777445,1,0.40000000000000008,2.2623141853878659,eligible
matlab_0025,matlab_sweep_00,25,1.4235786975976878,1,0.41666666666666669,2.2725779576397667,eligible
matlab_0026,matlab_sweep_00,26,1.4410319901176312,1,0.4333333333333334,2.2828298000784262,eligible
matlab_0027,matlab_sweep_00,27,1.4584852826375745,1,0.45000000000000001,2.2930565954849529,eligible
matlab_0028,matlab_sweep_00,28,1.4759385751575178,1,0.46666666666666673,2.303244966953145,eligible
matlab_0029,matlab_sweep_00,29,1.4933918676774611,1,0.48333333333333339,2.3133812913300962,eligible
matlab_0030,matlab_sweep_00,30,1.5108451601974044,1,0.5,2.3234517146992109,eligible
matlab_0031,matlab_sweep_00,31,1.5282984527173478,1,0.51666666666666672,2.3334421699866867,eligible
matlab_0032,matlab_sweep_00,32,1.5457517452372911,1,0.53333333333333344,2.343338396760434,eligible
matlab_0033,matlab_sweep_00,33,1.5632050377572344,1,0.55000000000000004,2.3531259632765833,eligible
matlab_0034,matlab_sweep_00,34,1.5806583302771777,1,0.56666666666666676,2.3627902908129643,eligible
matlab_0035,matlab_sweep_00,35,1.598111622797121,1,0.58333333333333337,2.3723166803114051,eligible
matlab_0036,matlab_sweep_00,36,1.6155649153170644,1,0.60000000000000009,2.3816903413311872,eligible
matlab_0037,matlab_sweep_00,37,1.6330182078370077,1,0.6166666666666667,2.3908964232949019,eligible
matlab_0038,matlab_sweep_00,38,1.650471500356951,1,0.63333333333333341,2.3999200489851562,eligible
matlab_0039,matlab_sweep_00,39,1.6679247928768943,1,0.65000000000000002,2.4087463502263748,eligible
matlab_0040,matlab_sweep_00,40,1.6853780853968379,1,0.66666666666666674,2.4173605056604419,eligible
matlab_0041,matlab_sweep_00,41,1.702831377916781,1,0.68333333333333335,2.425747780498575,eligible
matlab_0042,matlab_sweep_00,42,1.7202846704367243,1,0.70000000000000007,2.4338935681046077,eligible
matlab_0043,matlab_sweep_00,43,1.7377379629566676,1,0.71666666666666679,2.4417834332375108,eligible
matlab_0044,matlab_sweep_00,44,1.7551912554766111,1,0.73333333333333339,2.4494031567535037,eligible
matlab_0045,matlab_sweep_00,45,1.7726445479965542,1,0.75,2.4567387815412411,eligible
matlab_0046,matlab_sweep_00,46,1.7900978405164978,1,0.76666666666666672,2.4637766594375492,eligible
matlab_0047,matlab_sweep_00,47,1.8075511330364409,1,0.78333333333333344,2.4705034988465817,eligible
matlab_0048,matlab_sweep_00,48,1.8250044255563844,1,0.80000000000000016,2.4769064127625593,eligible
matlab_0049,matlab_sweep_00,49,1.8424577180763275,1,0.81666666666666676,2.4829729668759581,eligible
matlab_0050,matlab_sweep_00,50,1.8599110105962711,1,0.83333333333333337,2.4886912274254778,eligible
matlab_0051,matlab_sweep_00,51,1.8773643031162142,1,0.85000000000000009,2.4940498084440668,eligible
matlab_0052,matlab_sweep_00,52,1.8948175956361577,1,0.86666666666666681,2.4990379180367781,eligible
matlab_0053,matlab_sweep_00,53,1.9122708881561008,1,0.88333333333333341,2.5036454033220847,eligible
matlab_0054,matlab_sweep_00,54,1.9297241806760441,1,0.90000000000000002,2.5078627936663942,eligible
matlab_0055,matlab_sweep_00,55,1.9471774731959874,1,0.91666666666666674,2.5116813418444717,eligible
matlab_0056,matlab_sweep_00,56,1.964630765715931,1,0.93333333333333346,2.5150930627662635,eligible
matlab_0057,matlab_sweep_00,57,1.9820840582358741,1,0.95000000000000018,2.5180907694234014,eligible
matlab_0058,matlab_sweep_00,58,1.9995373507558176,1,0.96666666666666679,2.5206681057263949,eligible
matlab_0059,matlab_sweep_00,59,2.0169906432757605,1,0.9833333333333335,2.5228195759261025,eligible
matlab_0060,matlab_sweep_00,60,2.0344439357957036,1,1,2.5245405703402812,eligible
matlab_0061,matlab_sweep_00,61,2.0518972283156467,1,1.0166666666666666,2.5258273871375367,eligible
matlab_0062,matlab_sweep_00,62,2.0693505208355898,1,1.0333333333333334,2.5266772499663954,eligible
matlab_0063,matlab_sweep_00,63,2.0868038133555329,1,1.05,2.5270883212560191,eligible
matlab_0064,matlab_sweep_00,64,2.104257105875476,1,1.0666666666666669,2.5270597110567254,eligible
matlab_0065,matlab_sweep_00,65,2.1217103983954191,1,1.0833333333333335,2.5265914813321508,eligible
matlab_0066,matlab_sweep_00,66,2.1391636909153622,1,1.1000000000000001,2.5256846456601867,eligible
matlab_0067,matlab_sweep_00,67,2.1566169834353053,1,1.1166666666666669,2.5243411643456448,eligible
matlab_0068,matlab_sweep_00,68,2.1740702759552484,1,1.1333333333333335,2.5225639349935447,eligible
matlab_0069,matlab_sweep_00,69,2.1915235684751915,1,1.1499999999999999,2.5203567786368684,eligible
matlab_0070,matlab_sweep_00,70,2.2089768609951346,1,1.1666666666666667,2.517724421556272,eligible
matlab_0071,matlab_sweep_00,71,2.2264301535150777,1,1.1833333333333333,2.5146724729703873,eligible
matlab_0072,matlab_sweep_00,72,2.2438834460350208,1,1.2000000000000002,2.5112073988138222,eligible
matlab_0073,matlab_sweep_00,73,2.2613367385549639,1,1.2166666666666668,2.5073364918548777,eligible
matlab_0074,matlab_sweep_00,74,2.278790031074907,1,1.2333333333333334,2.5030678384359568,eligible
matlab_0075,matlab_sweep_00,75,2.2962433235948501,1,1.2500000000000002,2.4984102821462875,eligible
matlab_0076,matlab_sweep_00,76,2.3136966161147932,1,1.2666666666666668,2.493373384758542,eligible
matlab_0077,matlab_sweep_00,77,2.3311499086347363,1,1.2833333333333334,2.4879673847780146,eligible
matlab_0078,matlab_sweep_00,78,2.3486032011546794,1,1.3,2.4822031539651457,eligible
matlab_0079,matlab_sweep_00,79,2.3660564936746225,1,1.3166666666666667,2.4760921521993651,eligible
matlab_0080,matlab_sweep_00,80,2.3835097861945655,1,1.3333333333333335,2.4696463810545151,eligible
matlab_0081,matlab_sweep_00,81,2.4009630787145086,1,1.3500000000000001,2.4628783364536848,eligible
matlab_0082,matlab_sweep_00,82,2.4184163712344517,1,1.3666666666666667,2.4558009607645137,eligible
matlab_0083,matlab_sweep_00,83,2.4358696637543948,1,1.3833333333333335,2.4484275946851102,eligible
matlab_0084,matlab_sweep_00,84,2.4533229562743379,1,1.4000000000000001,2.4407719292561003,eligible
matlab_0085,matlab_sweep_00,85,2.470776248794281,1,1.416666666666667,2.4328479583164833,eligible
matlab_0086,matlab_sweep_00,86,2.4882295413142241,1,1.4333333333333336,2.4246699317002989,eligible
matlab_0087,matlab_sweep_00,87,2.5056828338341672,1,1.45,2.4162523094481174,eligible
matlab_0088,matlab_sweep_00,88,2.5231361263541103,1,1.4666666666666668,2.4076097172825643,eligible
matlab_0089,matlab_sweep_00,89,2.5405894188740534,1,1.4833333333333334,2.398756903570971,eligible
matlab_0090,matlab_sweep_00,90,2.5580427113939965,1,1.5,2.3897086979711828,eligible
matlab_0091,matlab_sweep_00,91,2.5754960039139396,1,1.5166666666666668,2.3804799719292076,eligible
matlab_0092,matlab_sweep_00,92,2.5929492964338827,1,1.5333333333333334,2.371085601169888,eligible
matlab_0093,matlab_sweep_00,93,2.6104025889538258,1,1.5500000000000003,2.3615404302947858,eligible
matlab_0094,matlab_sweep_00,94,2.6278558814737689,1,1.5666666666666669,2.3518592395751194,eligible
matlab_0095,matlab_sweep_00,95,2.645309173993712,1,1.5833333333333335,2.3420567140023065,eligible
matlab_0096,matlab_sweep_00,96,2.6627624665136551,1,1.6000000000000003,2.3321474146345951,eligible
matlab_0097,matlab_sweep_00,97,2.6802157590335982,1,1.6166666666666667,2.3221457522557256,eligible
matlab_0098,matlab_sweep_00,98,2.6976690515535413,1,1.6333333333333335,2.3120659633406104,eligible
matlab_0099,matlab_sweep_00,99,2.7151223440734844,1,1.6500000000000001,2.3019220883038263,eligible
matlab_0100,matlab_sweep_00,100,2.7325756365934275,1,1.6666666666666667,2.2917279519893734,eligible
matlab_0101,matlab_sweep_00,101,2.7500289291133706,1,1.6833333333333336,2.2814971463446461,eligible
matlab_0102,matlab_sweep_00,102,2.7674822216333137,1,1.7000000000000002,2.2712430152079439,eligible
matlab_0103,matlab_sweep_00,103,2.7849355141532568,1,1.7166666666666668,2.2609786411271058,eligible
matlab_0104,matlab_sweep_00,104,2.8023888066731999,1,1.7333333333333336,2.2507168341168864,eligible
matlab_0105,matlab_sweep_00,105,2.819842099193143,1,1.7500000000000002,2.2404701222544978,eligible
matlab_0106,matlab_sweep_00,106,2.8372953917130861,1,1.7666666666666668,2.2302507440061605,eligible
matlab_0107,matlab_sweep_00,107,2.8547486842330292,1,1.7833333333333334,2.2200706421725718,eligible
matlab_0108,matlab_sweep_00,108,2.8722019767529723,1,1.8,2.2099414593375943,eligible
matlab_0109,matlab_sweep_00,109,2.8896552692729154,1,1.8166666666666669,2.199874534702333,eligible
matlab_0110,matlab_sweep_00,110,2.9071085617928585,1,1.8333333333333335,2.189880902185787,eligible
matlab_0111,matlab_sweep_00,111,2.9245618543128016,1,1.8500000000000003,2.179971289673361,eligible
matlab_0112,matlab_sweep_00,112,2.9420151468327447,1,1.8666666666666669,2.1701561192957284,eligible
matlab_0113,matlab_sweep_00,113,2.9594684393526878,1,1.8833333333333335,2.1604455086224994,eligible
matlab_0114,matlab_sweep_00,114,2.9769217318726309,1,1.9000000000000004,2.1508492726579633,eligible
matlab_0115,matlab_sweep_00,115,2.994375024392574,1,1.9166666666666667,2.1413769265296372,eligible
matlab_0116,matlab_sweep_00,116,3.0118283169125171,1,1.9333333333333336,2.1320376887644095,eligible
matlab_0117,matlab_sweep_00,117,3.0292816094324602,1,1.9500000000000002,2.1228404850516003,eligible
matlab_0118,matlab_sweep_00,118,3.0467349019524033,1,1.966666666666667,2.1137939523972071,eligible
matlab_0119,matlab_sweep_00,119,3.0641881944723464,1,1.9833333333333336,2.1049064435789377,eligible
matlab_0120,matlab_sweep_00,120,3.0816414869922895,1,2,2.0961860318171621,eligible
matlab_0121,matlab_sweep_00,121,3.0990947795122326,1,2.0166666666666671,2.0876405155827538,eligible
matlab_0122,matlab_sweep_00,122,3.1165480720321757,1,2.0333333333333332,2.0792774234687252,eligible
matlab_0123,matlab_sweep_00,123,3.1340013645521188,1,2.0500000000000003,2.0711040190586769,eligible
matlab_0124,matlab_sweep_00,124,3.1514546570720614,1,2.0666666666666669,2.0631273057312112,eligible
matlab_0125,matlab_sweep_00,125,3.1689079495920045,1,2.0833333333333335,2.0553540313457512,eligible
matlab_0126,matlab_sweep_00,126,3.1863612421119476,1,2.1000000000000001,2.0477906927613385,eligible
matlab_0127,matlab_sweep_00,127,3.2038145346318907,1,2.1166666666666671,2.0404435401462759,eligible
matlab_0128,matlab_sweep_00,128,3.2212678271518338,1,2.1333333333333337,2.0333185810426122,eligible
matlab_0129,matlab_sweep_00,129,3.2387211196717769,1,2.1499999999999999,2.0264215841555453,eligible
matlab_0130,matlab_sweep_00,130,3.25617441219172,1,2.166666666666667,2.0197580828438273,eligible
matlab_0131,matlab_sweep_00,131,3.2736277047116631,1,2.1833333333333336,2.0133333782930771,eligible
matlab_0132,matlab_sweep_00,132,3.2910809972316062,1,2.2000000000000002,2.0071525423596395,eligible
matlab_0133,matlab_sweep_00,133,3.3085342897515493,1,2.2166666666666668,2.0012204200780657,eligible
matlab_0134,matlab_sweep_00,134,3.3259875822714928,1,2.2333333333333338,1.9955416318306158,eligible
matlab_0135,matlab_sweep_00,135,3.3434408747914355,1,2.25,1.9901205751821442,eligible
matlab_0136,matlab_sweep_00,136,3.360894167311379,1,2.2666666666666671,1.9849614263884847,eligible
matlab_0137,matlab_sweep_00,137,3.3783474598313221,1,2.2833333333333337,1.9800681415907999,eligible
matlab_0138,matlab_sweep_00,138,3.3958007523512652,1,2.2999999999999998,1.9754444577123795,eligible
matlab_0139,matlab_sweep_00,139,3.4132540448712079,1,2.3166666666666669,1.9710938930780111,eligible
matlab_0140,matlab_sweep_00,140,3.430707337391151,1,2.3333333333333335,1.9670197477791442,eligible
matlab_0141,matlab_sweep_00,141,3.4481606299110945,1,2.3500000000000001,1.9632251038108308,eligible
matlab_0142,matlab_sweep_00,142,3.4656139224310376,1,2.3666666666666667,1.9597128250085687,eligible
matlab_0143,matlab_sweep_00,143,3.4830672149509807,1,2.3833333333333337,1.9564855568148061,eligible
matlab_0144,matlab_sweep_00,144,3.5005205074709238,1,2.4000000000000004,1.9535457259060418,eligible
matlab_0145,matlab_sweep_00,145,3.5179737999908669,1,2.416666666666667,1.9508955397118719,eligible
matlab_0146,matlab_sweep_00,146,3.53542709251081,1,2.4333333333333336,1.948536985857384,eligible
matlab_0147,matlab_sweep_00,147,3.5528803850307531,1,2.4500000000000002,1.9464718315596183,eligible
matlab_0148,matlab_sweep_00,148,3.5703336775506962,1,2.4666666666666668,1.9447016230076406,eligible
matlab_0149,matlab_sweep_00,149,3.5877869700706393,1,2.4833333333333334,1.9432276847540602,eligible
matlab_0150,matlab_sweep_00,150,3.6052402625905819,1,2.5000000000000004,1.9420511191435188,eligible
matlab_0151,matlab_sweep_00,151,3.6226935551105255,1,2.5166666666666666,1.9411728058010123,eligible
matlab_0152,matlab_sweep_00,152,3.6401468476304686,1,2.5333333333333337,1.940593401199713,eligible
matlab_0153,matlab_sweep_00,153,3.6576001401504117,1,2.5500000000000003,1.9403133383244324,eligible
matlab_0154,matlab_sweep_00,154,3.6750534326703548,1,2.5666666666666669,1.9403328264430471,eligible
matlab_0155,matlab_sweep_00,155,3.6925067251902979,1,2.5833333333333335,1.9406518509941326,eligible
matlab_0156,matlab_sweep_00,156,3.709960017710241,1,2.6000000000000001,1.9412701735948157,eligible
matlab_0157,matlab_sweep_00,157,3.7274133102301841,1,2.6166666666666671,1.9421873321685894,eligible
matlab_0158,matlab_sweep_00,158,3.7448666027501267,1,2.6333333333333333,1.9434026411884793,eligible
matlab_0159,matlab_sweep_00,159,3.7623198952700698,1,2.6500000000000004,1.9449151920268126,eligible
matlab_0160,matlab_sweep_00,160,3.7797731877900134,1,2.666666666666667,1.9467238533987268,eligible
matlab_0161,matlab_sweep_00,161,3.7972264803099565,1,2.6833333333333336,1.9488272718828226,eligible
matlab_0162,matlab_sweep_00,162,3.8146797728298996,1,2.7000000000000002,1.9512238724988276,eligible
matlab_0163,matlab_sweep_00,163,3.8321330653498427,1,2.7166666666666672,1.9539118593190821,eligible
matlab_0164,matlab_sweep_00,164,3.8495863578697858,1,2.7333333333333334,1.9568892160879385,eligible
matlab_0165,matlab_sweep_00,165,3.8670396503897289,1,2.75,1.9601537068210337,eligible
matlab_0166,matlab_sweep_00,166,3.884492942909672,1,2.7666666666666671,1.9637028763546795,eligible
matlab_0167,matlab_sweep_00,167,3.9019462354296151,1,2.7833333333333332,1.9675340508145311,eligible
matlab_0168,matlab_sweep_00,168,3.9193995279495577,1,2.8000000000000003,1.9716443379721369,eligible
matlab_0169,matlab_sweep_00,169,3.9368528204695012,1,2.8166666666666669,1.976030627457988,eligible
matlab_0170,matlab_sweep_00,170,3.9543061129894439,1,2.8333333333333339,1.9806895908003066,eligible
matlab_0171,matlab_sweep_00,171,3.9717594055093874,1,2.8500000000000001,1.9856176812599624,eligible
matlab_0172,matlab_sweep_00,172,3.9892126980293301,1,2.8666666666666671,1.9908111334336429,eligible
matlab_0173,matlab_sweep_00,173,4.0066659905492736,1,2.8833333333333337,1.9962659625996584,eligible
matlab_0174,matlab_sweep_00,174,4.0241192830692167,1,2.8999999999999999,2.0019779637834789,eligible
matlab_0175,matlab_sweep_00,175,4.0415725755891598,1,2.916666666666667,2.0079427105233933,eligible
matlab_0176,matlab_sweep_00,176,4.0590258681091029,1,2.9333333333333336,2.0141555533202524,eligible
matlab_0177,matlab_sweep_00,177,4.0764791606290451,1,2.9500000000000002,2.020611617759414,eligible
matlab_0178,matlab_sweep_00,178,4.0939324531489891,1,2.9666666666666668,2.0273058022973576,eligible
matlab_0179,matlab_sweep_00,179,4.1113857456689322,1,2.9833333333333338,2.0342327757102328,eligible
matlab_0180,matlab_sweep_00,180,4.1288390381888753,1,3,2.0413869742066399,eligible
matlab_0181,matlab_sweep_00,181,4.1462923307088184,1,3.0166666666666671,2.0487625982122406,eligible
matlab_0182,matlab_sweep_00,182,4.1637456232287615,1,3.0333333333333337,2.0563536088392982,eligible
matlab_0183,matlab_sweep_00,183,4.1811989157487046,1,3.0500000000000003,2.0641537240600134,eligible
matlab_0184,matlab_sweep_00,184,4.1986522082686477,1,3.0666666666666669,2.0721564146083198,eligible
matlab_0185,matlab_sweep_00,185,4.2161055007885908,1,3.0833333333333335,2.0803548996408692,eligible
matlab_0186,matlab_sweep_00,186,4.2335587933085339,1,3.1000000000000005,2.0887421421939658,eligible
matlab_0187,matlab_sweep_00,187,4.251012085828477,1,3.1166666666666667,2.0973108444794732,eligible
matlab_0188,matlab_sweep_00,188,4.2684653783484201,1,3.1333333333333337,2.1060534430688276,eligible
matlab_0189,matlab_sweep_00,189,4.2859186708683623,1,3.1500000000000004,2.1149621040206097,eligible
matlab_0190,matlab_sweep_00,190,4.3033719633883063,1,3.166666666666667,2.1240287180132822,eligible
matlab_0191,matlab_sweep_00,191,4.3208252559082494,1,3.1833333333333336,2.1332448955508978,eligible
matlab_0192,matlab_sweep_00,192,4.3382785484281925,1,3.2000000000000006,2.1426019623156347,eligible
matlab_0193,matlab_sweep_00,193,4.3557318409481356,1,3.2166666666666668,2.1520909547469826,eligible
matlab_0194,matlab_sweep_00,194,4.3731851334680787,1,3.2333333333333334,2.1617026159331552,eligible
matlab_0195,matlab_sweep_00,195,4.3906384259880218,1,3.2500000000000004,2.1714273919058469,eligible
matlab_0196,matlab_sweep_00,196,4.4080917185079649,1,3.2666666666666671,2.1812554284347452,eligible
matlab_0197,matlab_sweep_00,197,4.425545011027908,1,3.2833333333333337,2.1911765684230726,eligible
matlab_0198,matlab_sweep_00,198,4.4429983035478511,1,3.3000000000000003,2.2011803500099258,eligible
matlab_0199,matlab_sweep_00,199,4.4604515960677942,1,3.3166666666666673,2.2112560054891888,eligible
matlab_0200,matlab_sweep_00,200,4.4779048885877373,1,3.3333333333333335,2.2213924611581284,eligible
matlab_0201,matlab_sweep_00,201,4.4953581811076795,1,3.3500000000000005,2.2315783382115315,eligible
matlab_0202,matlab_sweep_00,202,4.5128114736276235,1,3.3666666666666671,2.2418019547991159,eligible
matlab_0203,matlab_sweep_00,203,4.5302647661475657,1,3.3833333333333333,2.2520513293649804,eligible
matlab_0204,matlab_sweep_00,204,4.5477180586675097,1,3.4000000000000004,2.2623141853878503,eligible
matlab_0205,matlab_sweep_00,205,4.5651713511874528,1,3.416666666666667,2.2725779576397489,eligible
matlab_0206,matlab_sweep_00,206,4.5826246437073959,1,3.4333333333333336,2.2828298000784097,eligible
matlab_0207,matlab_sweep_00,207,4.6000779362273381,1,3.4500000000000002,2.2930565954849347,eligible
matlab_0208,matlab_sweep_00,208,4.6175312287472821,1,3.4666666666666672,2.3032449669531285,eligible
matlab_0209,matlab_sweep_00,209,4.6349845212672243,1,3.4833333333333338,2.3133812913300784,eligible
matlab_0210,matlab_sweep_00,210,4.6524378137871683,1,3.5000000000000004,2.3234517146991931,eligible
matlab_0211,matlab_sweep_00,211,4.6698911063071105,1,3.5166666666666671,2.3334421699866676,eligible
matlab_0212,matlab_sweep_00,212,4.6873443988270544,1,3.5333333333333337,2.343338396760418,eligible
matlab_0213,matlab_sweep_00,213,4.7047976913469967,1,3.5500000000000003,2.353125963276566,eligible
matlab_0214,matlab_sweep_00,214,4.7222509838669406,1,3.5666666666666669,2.3627902908129466,eligible
matlab_0215,matlab_sweep_00,215,4.7397042763868837,1,3.5833333333333339,2.3723166803113886,eligible
matlab_0216,matlab_sweep_00,216,4.7571575689068268,1,3.6000000000000001,2.3816903413311703,eligible
matlab_0217,matlab_sweep_00,217,4.7746108614267699,1,3.6166666666666671,2.3908964232948855,eligible
matlab_0218,matlab_sweep_00,218,4.792064153946713,1,3.6333333333333337,2.3999200489851402,eligible
matlab_0219,matlab_sweep_00,219,4.8095174464666561,1,3.6500000000000004,2.4087463502263589,eligible
matlab_0220,matlab_sweep_00,220,4.8269707389865992,1,3.666666666666667,2.4173605056604264,eligible
matlab_0221,matlab_sweep_00,221,4.8444240315065423,1,3.6833333333333336,2.4257477804985599,eligible
matlab_0222,matlab_sweep_00,222,4.8618773240264854,1,3.7000000000000006,2.4338935681045926,eligible
matlab_0223,matlab_sweep_00,223,4.8793306165464285,1,3.7166666666666668,2.4417834332374961,eligible
matlab_0224,matlab_sweep_00,224,4.8967839090663716,1,3.7333333333333338,2.4494031567534904,eligible
matlab_0225,matlab_sweep_00,225,4.9142372015863147,1,3.7500000000000004,2.4567387815412274,eligible
matlab_0226,matlab_sweep_00,226,4.9316904941062578,1,3.7666666666666671,2.4637766594375363,eligible
matlab_0227,matlab_sweep_00,227,4.9491437866262009,1,3.7833333333333337,2.4705034988465679,eligible
matlab_0228,matlab_sweep_00,228,4.966597079146144,1,3.8000000000000007,2.4769064127625469,eligible
matlab_0229,matlab_sweep_00,229,4.9840503716660871,1,3.8166666666666669,2.482972966875947,eligible
matlab_0230,matlab_sweep_00,230,5.0015036641860302,1,3.8333333333333335,2.4886912274254684,eligible
matlab_0231,matlab_sweep_00,231,5.0189569567059733,1,3.8500000000000001,2.4940498084440565,eligible
matlab_0232,matlab_sweep_00,232,5.0364102492259164,1,3.8666666666666671,2.4990379180367688,eligible
matlab_0233,matlab_sweep_00,233,5.0538635417458595,1,3.8833333333333337,2.5036454033220754,eligible
matlab_0234,matlab_sweep_00,234,5.0713168342658026,1,3.9000000000000004,2.5078627936663853,eligible
matlab_0235,matlab_sweep_00,235,5.0887701267857457,1,3.916666666666667,2.5116813418444655,eligible
matlab_0236,matlab_sweep_00,236,5.1062234193056888,1,3.933333333333334,2.5150930627662569,eligible
matlab_0237,matlab_sweep_00,237,5.1236767118256319,1,3.9500000000000006,2.5180907694233965,eligible
matlab_0238,matlab_sweep_00,238,5.141130004345575,1,3.9666666666666672,2.52066810572639,eligible
matlab_0239,matlab_sweep_00,239,5.1585832968655181,1,3.9833333333333334,2.5228195759260972,eligible
matlab_0240,matlab_sweep_00,240,5.1760365893854612,1,4,2.5245405703402772,eligible
matlab_0241,matlab_sweep_00,241,5.1934898819054043,1,4.0166666666666675,2.5258273871375345,eligible
matlab_0242,matlab_sweep_00,242,5.2109431744253474,1,4.0333333333333341,2.5266772499663932,eligible
matlab_0243,matlab_sweep_00,243,5.2283964669452905,1,4.0500000000000007,2.5270883212560187,eligible
matlab_0244,matlab_sweep_00,244,5.2458497594652336,1,4.0666666666666664,2.5270597110567259,eligible
matlab_0245,matlab_sweep_00,245,5.2633030519851767,1,4.0833333333333339,2.5265914813321513,eligible
matlab_0246,matlab_sweep_00,246,5.2807563445051198,1,4.1000000000000005,2.5256846456601876,eligible
matlab_0247,matlab_sweep_00,247,5.2982096370250629,1,4.1166666666666671,2.5243411643456488,eligible
matlab_0248,matlab_sweep_00,248,5.315662929545006,1,4.1333333333333337,2.52256393499355,eligible
matlab_0249,matlab_sweep_00,249,5.3331162220649491,1,4.1500000000000004,2.5203567786368737,eligible
matlab_0250,matlab_sweep_00,250,5.3505695145848922,1,4.166666666666667,2.5177244215562786,eligible
matlab_0251,matlab_sweep_00,251,5.3680228071048353,1,4.1833333333333336,2.5146724729703935,eligible
matlab_0252,matlab_sweep_00,252,5.3854760996247784,1,4.2000000000000002,2.5112073988138297,eligible
matlab_0253,matlab_sweep_00,253,5.4029293921447215,1,4.2166666666666668,2.5073364918548862,eligible
matlab_0254,matlab_sweep_00,254,5.4203826846646646,1,4.2333333333333343,2.5030678384359653,eligible
matlab_0255,matlab_sweep_00,255,5.4378359771846076,1,4.2500000000000009,2.498410282146295,eligible
matlab_0256,matlab_sweep_00,256,5.4552892697045507,1,4.2666666666666675,2.4933733847585526,eligible
matlab_0257,matlab_sweep_00,257,5.4727425622244938,1,4.2833333333333332,2.4879673847780275,eligible
matlab_0258,matlab_sweep_00,258,5.4901958547444369,1,4.2999999999999998,2.4822031539651568,eligible
matlab_0259,matlab_sweep_00,259,5.50764914726438,1,4.3166666666666673,2.4760921521993775,eligible
matlab_0260,matlab_sweep_00,260,5.5251024397843231,1,4.3333333333333339,2.4696463810545293,eligible
matlab_0261,matlab_sweep_00,261,5.5425557323042662,1,4.3500000000000005,2.4628783364536986,eligible
matlab_0262,matlab_sweep_00,262,5.5600090248242093,1,4.3666666666666671,2.4558009607645288,eligible
matlab_0263,matlab_sweep_00,263,5.5774623173441524,1,4.3833333333333337,2.4484275946851244,eligible
matlab_0264,matlab_sweep_00,264,5.5949156098640955,1,4.4000000000000004,2.4407719292561145,eligible
matlab_0265,matlab_sweep_00,265,5.6123689023840386,1,4.416666666666667,2.4328479583164984,eligible
matlab_0266,matlab_sweep_00,266,5.6298221949039817,1,4.4333333333333336,2.4246699317003149,eligible
matlab_0267,matlab_sweep_00,267,5.6472754874239248,1,4.4500000000000002,2.416252309448133,eligible
matlab_0268,matlab_sweep_00,268,5.6647287799438679,1,4.4666666666666677,2.4076097172825834,eligible
matlab_0269,matlab_sweep_00,269,5.682182072463811,1,4.4833333333333343,2.3987569035709879,eligible
matlab_0270,matlab_sweep_00,270,5.6996353649837541,1,4.5,2.3897086979711997,eligible
matlab_0271,matlab_sweep_00,271,5.7170886575036972,1,4.5166666666666666,2.3804799719292249,eligible
matlab_0272,matlab_sweep_00,272,5.7345419500236403,1,4.5333333333333341,2.3710856011699066,eligible
matlab_0273,matlab_sweep_00,273,5.7519952425435834,1,4.5500000000000007,2.3615404302948058,eligible
matlab_0274,matlab_sweep_00,274,5.7694485350635265,1,4.5666666666666673,2.3518592395751399,eligible
matlab_0275,matlab_sweep_00,275,5.7869018275834696,1,4.5833333333333339,2.3420567140023265,eligible
matlab_0276,matlab_sweep_00,276,5.8043551201034127,1,4.5999999999999996,2.3321474146346159,eligible
matlab_0277,matlab_sweep_00,277,5.8218084126233558,1,4.6166666666666671,2.3221457522557465,eligible
matlab_0278,matlab_sweep_00,278,5.8392617051432989,1,4.6333333333333337,2.3120659633406322,eligible
matlab_0279,matlab_sweep_00,279,5.856714997663242,1,4.6500000000000004,2.3019220883038467,eligible
matlab_0280,matlab_sweep_00,280,5.8741682901831851,1,4.666666666666667,2.2917279519893938,eligible
matlab_0281,matlab_sweep_00,281,5.8916215827031282,1,4.6833333333333345,2.2814971463446665,eligible
matlab_0282,matlab_sweep_00,282,5.9090748752230713,1,4.7000000000000002,2.2712430152079661,eligible
matlab_0283,matlab_sweep_00,283,5.9265281677430144,1,4.7166666666666668,2.2609786411271267,eligible
matlab_0284,matlab_sweep_00,284,5.9439814602629575,1,4.7333333333333334,2.2507168341169081,eligible
matlab_0285,matlab_sweep_00,285,5.9614347527829006,1,4.75,2.2404701222545187,eligible
matlab_0286,matlab_sweep_00,286,5.9788880453028437,1,4.7666666666666675,2.2302507440061827,eligible
matlab_0287,matlab_sweep_00,287,5.9963413378227868,1,4.7833333333333341,2.2200706421725926,eligible
matlab_0288,matlab_sweep_00,288,6.0137946303427299,1,4.8000000000000007,2.2099414593376148,eligible
matlab_0289,matlab_sweep_00,289,6.031247922862673,1,4.8166666666666664,2.1998745347023529,eligible
matlab_0290,matlab_sweep_00,290,6.0487012153826161,1,4.8333333333333339,2.1898809021858057,eligible
matlab_0291,matlab_sweep_00,291,6.0661545079025592,1,4.8500000000000005,2.1799712896733809,eligible
matlab_0292,matlab_sweep_00,292,6.0836078004225023,1,4.8666666666666671,2.170156119295747,eligible
matlab_0293,matlab_sweep_00,293,6.1010610929424454,1,4.8833333333333337,2.1604455086225194,eligible
matlab_0294,matlab_sweep_00,294,6.1185143854623885,1,4.9000000000000004,2.1508492726579833,eligible
matlab_0295,matlab_sweep_00,295,6.1359676779823316,1,4.916666666666667,2.1413769265296572,eligible
matlab_0296,matlab_sweep_00,296,6.1534209705022747,1,4.9333333333333336,2.1320376887644286,eligible
matlab_0297,matlab_sweep_00,297,6.1708742630222178,1,4.9500000000000002,2.1228404850516176,eligible
matlab_0298,matlab_sweep_00,298,6.1883275555421609,1,4.9666666666666668,2.1137939523972258,eligible
matlab_0299,matlab_sweep_00,299,6.2057808480621039,1,4.9833333333333343,2.1049064435789551,eligible
matlab_0300,matlab_sweep_00,300,6.223234140582047,1,5.0000000000000009,2.0961860318171786,eligible
matlab_0301,matlab_sweep_00,301,6.2406874331019901,1,5.0166666666666675,2.0876405155827698,eligible
matlab_0302,matlab_sweep_00,302,6.2581407256219332,1,5.0333333333333332,2.0792774234687426,eligible
matlab_0303,matlab_sweep_00,303,6.2755940181418763,1,5.0499999999999998,2.0711040190586938,eligible
matlab_0304,matlab_sweep_00,304,6.2930473106618194,1,5.0666666666666673,2.063127305731228,eligible
matlab_0305,matlab_sweep_00,305,6.3105006031817625,1,5.0833333333333339,2.0553540313457677,eligible
matlab_0306,matlab_sweep_00,306,6.3279538957017056,1,5.1000000000000005,2.0477906927613527,eligible
matlab_0307,matlab_sweep_00,307,6.3454071882216487,1,5.1166666666666671,2.040443540146291,eligible
matlab_0308,matlab_sweep_00,308,6.3628604807415918,1,5.1333333333333337,2.0333185810426264,eligible
matlab_0309,matlab_sweep_00,309,6.3803137732615349,1,5.1500000000000004,2.0264215841555608,eligible
matlab_0310,matlab_sweep_00,310,6.397767065781478,1,5.166666666666667,2.0197580828438406,eligible
matlab_0311,matlab_sweep_00,311,6.4152203583014211,1,5.1833333333333336,2.0133333782930896,eligible
matlab_0312,matlab_sweep_00,312,6.4326736508213642,1,5.2000000000000002,2.0071525423596506,eligible
matlab_0313,matlab_sweep_00,313,6.4501269433413073,1,5.2166666666666677,2.0012204200780772,eligible
matlab_0314,matlab_sweep_00,314,6.4675802358612504,1,5.2333333333333343,1.9955416318306261,eligible
matlab_0315,matlab_sweep_00,315,6.4850335283811935,1,5.25,1.9901205751821553,eligible
matlab_0316,matlab_sweep_00,316,6.5024868209011366,1,5.2666666666666666,1.9849614263884954,eligible
matlab_0317,matlab_sweep_00,317,6.5199401134210797,1,5.2833333333333341,1.9800681415908086,eligible
matlab_0318,matlab_sweep_00,318,6.5373934059410228,1,5.3000000000000007,1.9754444577123886,eligible
matlab_0319,matlab_sweep_00,319,6.5548466984609659,1,5.3166666666666673,1.9710938930780191,eligible
matlab_0320,matlab_sweep_00,320,6.572299990980909,1,5.3333333333333339,1.9670197477791513,eligible
matlab_0321,matlab_sweep_00,321,6.5897532835008521,1,5.3500000000000005,1.9632251038108384,eligible
matlab_0322,matlab_sweep_00,322,6.6072065760207952,1,5.3666666666666671,1.9597128250085747,eligible
matlab_0323,matlab_sweep_00,323,6.6246598685407383,1,5.3833333333333337,1.9564855568148112,eligible
matlab_0324,matlab_sweep_00,324,6.6421131610606814,1,5.4000000000000004,1.9535457259060469,eligible
matlab_0325,matlab_sweep_00,325,6.6595664535806245,1,5.416666666666667,1.950895539711877,eligible
matlab_0326,matlab_sweep_00,326,6.6770197461005676,1,5.4333333333333345,1.9485369858573891,eligible
matlab_0327,matlab_sweep_00,327,6.6944730386205107,1,5.4500000000000011,1.946471831559621,eligible
matlab_0328,matlab_sweep_00,328,6.7119263311404538,1,5.4666666666666668,1.9447016230076444,eligible
matlab_0329,matlab_sweep_00,329,6.7293796236603969,1,5.4833333333333334,1.9432276847540633,eligible
matlab_0330,matlab_sweep_00,330,6.74683291618034,1,5.5,1.9420511191435208,eligible
matlab_0331,matlab_sweep_00,331,6.7642862087002831,1,5.5166666666666675,1.9411728058010136,eligible
matlab_0332,matlab_sweep_00,332,6.7817395012202262,1,5.5333333333333341,1.9405934011997135,eligible
matlab_0333,matlab_sweep_00,333,6.7991927937401693,1,5.5500000000000007,1.9403133383244311,eligible
matlab_0334,matlab_sweep_00,334,6.8166460862601124,1,5.5666666666666664,1.9403328264430477,eligible
matlab_0335,matlab_sweep_00,335,6.8340993787800555,1,5.5833333333333339,1.9406518509941313,eligible
matlab_0336,matlab_sweep_00,336,6.8515526712999986,1,5.6000000000000005,1.9412701735948148,eligible
matlab_0337,matlab_sweep_00,337,6.8690059638199417,1,5.6166666666666671,1.9421873321685865,eligible
matlab_0338,matlab_sweep_00,338,6.8864592563398848,1,5.6333333333333337,1.9434026411884764,eligible
matlab_0339,matlab_sweep_00,339,6.9039125488598279,1,5.6500000000000004,1.94491519202681,eligible
matlab_0340,matlab_sweep_00,340,6.921365841379771,1,5.6666666666666679,1.9467238533987221,eligible
matlab_0341,matlab_sweep_00,341,6.9388191338997141,1,5.6833333333333336,1.9488272718828175,eligible
matlab_0342,matlab_sweep_00,342,6.9562724264196572,1,5.7000000000000002,1.9512238724988229,eligible
matlab_0343,matlab_sweep_00,343,6.9737257189396002,1,5.7166666666666668,1.9539118593190761,eligible
matlab_0344,matlab_sweep_00,344,6.9911790114595433,1,5.7333333333333343,1.9568892160879319,eligible
matlab_0345,matlab_sweep_00,345,7.0086323039794864,1,5.7500000000000009,1.9601537068210275,eligible
matlab_0346,matlab_sweep_00,346,7.0260855964994295,1,5.7666666666666675,1.9637028763546716,eligible
matlab_0347,matlab_sweep_00,347,7.0435388890193726,1,5.7833333333333332,1.9675340508145234,eligible
matlab_0348,matlab_sweep_00,348,7.0609921815393157,1,5.7999999999999998,1.9716443379721276,eligible
matlab_0349,matlab_sweep_00,349,7.0784454740592579,1,5.8166666666666673,1.9760306274579795,eligible
matlab_0350,matlab_sweep_00,350,7.0958987665792019,1,5.8333333333333339,1.9806895908002979,eligible
matlab_0351,matlab_sweep_00,351,7.113352059099145,1,5.8500000000000005,1.985617681259952,eligible
matlab_0352,matlab_sweep_00,352,7.1308053516190881,1,5.8666666666666671,1.9908111334336329,eligible
matlab_0353,matlab_sweep_00,353,7.1482586441390312,1,5.8833333333333346,1.9962659625996471,eligible
matlab_0354,matlab_sweep_00,354,7.1657119366589743,1,5.9000000000000004,2.0019779637834669,eligible
matlab_0355,matlab_sweep_00,355,7.1831652291789174,1,5.916666666666667,2.0079427105233809,eligible
matlab_0356,matlab_sweep_00,356,7.2006185216988605,1,5.9333333333333336,2.01415555332024,eligible
matlab_0357,matlab_sweep_00,357,7.2180718142188036,1,5.9500000000000002,2.0206116177594002,eligible
matlab_0358,matlab_sweep_00,358,7.2355251067387467,1,5.9666666666666677,2.0273058022973438,eligible
matlab_0359,matlab_sweep_00,359,7.2529783992586898,1,5.9833333333333343,2.0342327757102185,eligible
matlab_0360,matlab_sweep_01,0,0.98724638459904646,1,6,2.0413869742066262,eligible
