sample_id,position,velocity,acceleration
pmks_positive_0000,0,0,0
pmks_positive_0001,-0.05321179614602823,3.2435313375516044,6.0635467479266429
pmks_positive_0002,-0.10810782902156899,3.3436912439964481,5.9550566221978061
pmks_positive_0003,-0.16465796350907469,3.4420138372824312,5.8430768108318469
pmks_positive_0004,-0.22283109520053795,3.5384413461994861,5.7276546318063035
pmks_positive_0005,-0.28259516354472425,3.632916813168785,5.6088404272150783
pmks_positive_0006,-0.34391716583449328,3.7253841458738517,5.4866877115394779
pmks_positive_0007,-0.40676317207548945,3.8157881714002637,5.3612533243373388
pmks_positive_0008,-0.47109834077851409,3.9040746929538517,5.23259758689293
pmks_positive_0009,-0.53688693571916124,3.9901905492190299,5.1007844622820038
pmks_positive_0010,-0.60409234370910314,4.0740836764089607,4.9658817182105102
pmks_positive_0011,-0.67267709342426507,4.1557031730476757,4.8279610918822407
pmks_positive_0012,-0.74260287533567626,4.2349993675110884,4.6870984560397435
pmks_positive_0013,-0.8138305627890805,4.3119238883384199,4.5433739852052302
pmks_positive_0014,-0.88632023427946527,4.3864297373084566,4.39687232102394
pmks_positive_0015,-0.96003119696640959,4.4584713652556109,4.2476827354823206
pmks_positive_0016,-1.0349220114755602,4.5280047505792256,4.0958992906384069
pmks_positive_0017,-1.1109505180305539,4.5949874803756225,3.9416209933631632
pmks_positive_0018,-1.1880738639583732,4.6593788340963345,3.7849519434503698
pmks_positive_0019,-1.2662485326091797,4.7211398696072555,3.6260014733109078
pmks_positive_0020,-1.3454303737294269,4.7802335114926269,3.4648842773270352
pmks_positive_0021,-1.4255746353241212,4.8366246414145575,3.3017205288051299
pmks_positive_0022,-1.5066359970406766,4.8902801903032627,3.1366359823348748
pmks_positive_0023,-1.5885686051027066,4.9411692321156906,2.9697620592411269
pmks_positive_0024,-1.6713261088175033,4.9892630788606906,2.8012359137053662
pmks_positive_0025,-1.7548616986754308,5.034535376547705,2.6312004770397697
pmks_positive_0026,-1.8391281460535436,5.0769622016733491,2.4598044775228574
pmks_positive_0027,-1.924077844528822,5.1165221578165925,2.2872024331545551
pmks_positive_0028,-2.009662852798995,5.1531964718690286,2.1135546146649258
pmks_positive_0029,-2.0958349392005715,5.1869690893822593,1.9390269761193237
pmks_positive_0030,-2.182545627804795,5.2178267684704585,1.7637910505056786
pmks_positive_0031,-2.2697462460623963,5.2457591716632637,1.5880238077742383
pmks_positive_0032,-2.3573879739577119,5.2707589550629832,1.4119074729263883
pmks_positive_0033,-2.4454218946215618,5.2928218541214038,1.2356293019242643
pmks_positive_0034,-2.533799046340568,5.3119467653161445,1.0593813134169974
pmks_positive_0035,-2.6224704758884192,5.3281358229754225,0.88335997455686288
pmks_positive_0036,-2.7113872930916929,5.3413944704738467,0.70776583950951111
pmks_positive_0037,-2.8005007265298771,5.3517315250018971,0.53280313964899018
pmks_positive_0038,-2.8897621802556772,5.3591592350983959,0.35867932486878729
pmks_positive_0039,-2.9791232914082428,5.3636933301299194,0.18560455593302752
pmks_positive_0040,-3.0685359885782777,5.3653530609042299,0.013791148335983914
pmks_positive_0041,-3.1579525507705966,5.364161230617527,-0.15654703127449199
pmks_positive_0042,-3.2473256667964909,5.3601442153580212,-0.32519521442523364
pmks_positive_0043,-3.3366084949156005,5.3533319734219278,-0.49193842355416517
pmks_positive_0044,-3.425754722534927,5.3437580427426212,-0.65656220512857044
pmks_positive_0045,-3.514718625761438,5.3314595257900388,-0.81885339942430857
pmks_positive_0046,-3.603455128594526,5.3164770613650623,-0.97860094254986807
pmks_positive_0047,-3.6919198615356748,5.2988547827931027,-1.1355966956169716
pmks_positive_0048,-3.7800692193851102,5.2786402621114581,-1.2896362953034324
pmks_positive_0049,-3.8678604179893528,5.2558844399461808,-1.4405200194401706
pmks_positive_0050,-3.9552515496993603,5.2306415408850233,-1.588053660696032
pmks_positive_0051,-4.0422016372967651,5.2029689742726823,-1.7320494009473797
pmks_positive_0052,-4.1286706861454885,5.1729272204815304,-1.8723266785179957
pmks_positive_0053,-4.2146197343280232,5.1405797028439615,-2.0087130401732196
pmks_positive_0054,-4.3000109005299345,5.1059926455695059,-2.1410449695596014
pmks_positive_0055,-4.3848074294426196,5.0692349181090899,-2.2691686837119387
pmks_positive_0056,-4.4689737344632734,5.0303778665681689,-2.3929408893068023
pmks_positive_0057,-4.5524754374822001,4.9894951329077157,-2.5122294905343354
pmks_positive_0058,-4.6352794055610111,4.9466624628049827,-2.6269142407878201
pmks_positive_0059,-4.7173537843208129,4.9019575031723068,-2.7368873308339894
pmks_positive_0060,-4.7986680278772491,4.8554595904496649,-2.8420539067209454
pmks_positive_0061,-4.8791929251785691,4.8072495308933796,-2.9423325113981198
pmks_positive_0062,-4.9589006226242525,4.7574093741769001,-3.0376554448524304
pmks_positive_0063,-5.037764642864218,4.7060221816986845,-3.1279690384932768
pmks_positive_0064,-5.1157598997024651,4.6531717910549242,-3.2132338405298064
pmks_positive_0065,-5.1928627090537294,4.5989425781803153,-3.2934247101577356
pmks_positive_0066,-5.2690507959269857,4.5434192186871467,-3.3685308194898602
pmks_positive_0067,-5.3443032974352942,4.486686449941323,-3.4385555633020224
pmks_positive_0068,-5.4186007618570002,4.4288288354032046,-3.5035163778025691
pmks_positive_0069,-5.4919251437985972,4.3699305327317495,-3.5634444707456976
pmks_positive_0070,-5.5642597955341282,4.3100750671027486,-3.6183844662760145
pmks_positive_0071,-5.6355894546196925,4.2493451111270764,-3.6683939688926261
pmks_positive_0072,-5.7059002279040474,4.1878222726739756,-3.7135430518375574
pmks_positive_0073,-5.7751795720772741,4.125586891809002,-3.75391367602947
pmks_positive_0074,-5.8434162709187651,4.0627178479482504,-3.7895990463651525
pmks_positive_0075,-5.9106004094231661,3.9992923782117864,-3.8207029127890881
pmks_positive_0076,-5.9767233449982298,3.9353859078319382,-3.8473388239770179
pmks_positive_0077,-6.0417776759417094,3.8710718933386046,-3.8696293417898007
pmks_positive_0078,-6.1057572074153121,3.8064216791061098,-3.8877052248285113
pmks_positive_0079,-6.1686569151422876,3.7415043677068081,-3.901704589462577
pmks_positive_0080,-6.2304729070615377,3.6763867043776171,-3.9117720566161425
pmks_positive_0081,-6.2912023831750279,3.6111329757691761,-3.9180578923911056
pmks_positive_0082,-6.3508435938270864,3.5458049230151305,-3.9207171502898053
pmks_positive_0083,-6.4093957966536195,3.4804616690330286,-3.9199088223866738
pmks_positive_0084,-6.4668592124369635,3.4151596598497895,-3.9157950063017894
pmks_positive_0085,-6.5232349800975236,3.3499526196352161,-3.9085400942629644
pmks_positive_0086,-6.5785251110474112,3.284891519027251,-3.8983099899225815
pmks_positive_0087,-6.6327324431234702,3.2200245562437622,-3.8852713579355078
pmks_positive_0088,-6.6858605943080631,3.1553971503978642,-3.8695909106195576
pmks_positive_0089,-6.7379139164356552,3.0910519463675459,-3.8514347353243652
pmks_positive_0090,-6.7888974490720084,3.0270288305157438,-3.8309676654407063
pmks_positive_0091,-6.8388168737406323,2.96336495651382,-3.808352697302146
pmks_positive_0092,-6.8876784686584163,2.90009478048938,-3.7837504545751459
pmks_positive_0093,-6.9354890641292215,2.8372501046980236,-3.7573187011103455
pmks_positive_0094,-6.9822559987307482,2.7748601289072914,-3.7292119026450665
pmks_positive_0095,-7.0279870764163803,2.7129515086791627,-3.6995808372101293
pmks_positive_0096,-7.0726905246403255,2.6515484197439645,-3.6685722536076728
pmks_positive_0097,-7.116374953600868,2.5906726276728795,-3.6363285768927924
pmks_positive_0098,-7.1590493166836069,2.5303435620771846,-3.6029876594132273
pmks_positive_0099,-7.200722872173893,2.4705783945892739,-3.5686825756369136
pmks_positive_0100,-7.2414051462954765,2.4113921199123167,-3.5335414587273108
pmks_positive_0101,-7.2811058976208232,2.3527976392613374,-3.4976873766083045
pmks_positive_0102,-7.3198350828875984,2.2948058455575282,-3.4612382450927606
pmks_positive_0103,-7.3576028242454745,2.2374257097791883,-3.4243067755272776
pmks_positive_0104,-7.3944193779478944,2.1806643679158237,-3.3870004543276755
pmks_positive_0105,-7.4302951044945349,2.1245272080160316,-3.3494215517407886
pmks_positive_0106,-7.4652404402220736,2.0690179568643781,-3.3116671571645639
pmks_positive_0107,-7.4992658703335486,2.0141387658666208,-3.2738292383858361
pmks_positive_0108,-7.5323819033498776,1.9598902957663564,-3.2359947221493606
pmks_positive_0109,-7.5645990469612334,1.9062717998585674,-3.1982455935488865
pmks_positive_0110,-7.5959277852507316,1.8532812054066321,-3.1606590118269229
pmks_positive_0111,-7.6263785572582883,1.8009151930086755,-3.1233074402812737
pmks_positive_0112,-7.6559617368486448,1.7491692736964704,-3.0862587880993324
pmks_positive_0113,-7.6846876138441997,1.6980378635853459,-3.0495765620729425
pmks_positive_0114,-7.7125663763805186,1.6475143559265431,-3.0133200262840769
pmks_positive_0115,-7.7396080944402588,1.5975911904440925,-2.9775443679924423
pmks_positive_0116,-7.7658227045194215,1.5482599198666236,-2.9423008680978517
pmks_positive_0117,-7.7912199953786381,1.4995112735904215,-2.9076370746912348
pmks_positive_0118,-7.8158095948313218,1.4513352184336794,-2.8735969783463973
pmks_positive_0119,-7.8396009575199654,1.4037210164632499,-2.8402211879391648
pmks_positive_0120,-7.862603353631866,1.3566572798942729,-2.8075471059099795
pmks_positive_0121,-7.8848258585055264,1.310132023080177,-2.775609102009478
pmks_positive_0122,-7.9062773430795223,1.2641327116254759,-2.7444386846835394
pmks_positive_0123,-7.9269664651362852,1.2186463086669983,-2.714064669364137
pmks_positive_0124,-7.9469016612939791,1.173659318380508,-2.6845133430348129
pmks_positive_0125,-7.9660911397008691,1.1291578267793903,-2.6558086245345294
pmks_positive_0126,-7.9845428733875803,1.0851275398803026,-2.6279722201509896
pmks_positive_0127,-8.0022645942341057,1.0415538193174649,-2.6010237741343327
pmks_positive_0128,-8.0192637875097024,0.99842171549282965,-2.5749810138345284
pmks_positive_0129,-8.0355476869453977,0.95571599835375542,-2.5498598892310427
pmks_positive_0130,-8.0511232703003355,0.91342118589315036,-2.5256747066817571
pmks_positive_0131,-8.0659972553848469,0.87152157046949619,-2.502438256769818
pmks_positive_0132,-8.0801760965046743,0.83000124304586298,-2.4801619361727472
pmks_positive_0133,-8.0936659812925456,0.78884411544785626,-2.4588558635177749
pmks_positive_0134,-8.1064728278949154,0.74803394074075091,-2.4385289892215734
pmks_positive_0135,-8.1186022824833159,0.70755433182598193,-2.4191891993416736
pmks_positive_0136,-8.1300597170615383,0.66738877835629018,-2.4008434134912706
pmks_positive_0137,-8.1408502275413674,0.62752066206796187,-2.3834976768890819
pmks_positive_0138,-8.1509786320613742,0.58793327062716849,-2.3671572466320914
pmks_positive_0139,-8.1604494695247372,0.54860981008590359,-2.3518266722913497
pmks_positive_0140,-8.1692669983337307,0.50953341604116975,-2.3375098709402358
pmks_positive_0141,-8.1774351953000561,0.47068716358932372,-2.3242101967306623
pmks_positive_0142,-8.184957754711629,0.43205407616542368,-2.3119305051362939
pmks_positive_0143,-8.1918380875380326,0.39361713335545456,-2.3006732119828688
pmks_positive_0144,-8.1980793207582057,0.35535927776732068,-2.2904403473847044
pmks_positive_0145,-8.2036842967953891,0.31726342104455973,-2.2812336047035626
pmks_positive_0146,-8.2086555730457285,0.27931244910473074,-2.2730543846413771
pmks_positive_0147,-8.212995421488273,0.2414892266828268,-2.2659038345723368
pmks_positive_0148,-8.216705828365475,0.20377660125800778,-2.2597828832124511
pmks_positive_0149,-8.2197884939244918,0.16615740644086086,-2.2546922707162471
pmks_positive_0150,-8.2222448322110147,0.12861446489652528,-2.2506325742808793
pmks_positive_0151,-8.2240759709084372,0.091130590878010675,-2.2476042293277474
pmks_positive_0152,-8.2252827512165219,0.053688592442939109,-2.245607546320818
pmks_positive_0153,-8.2258657277648624,0.016271273426105903,-2.2446427232694997
pmks_positive_0154,-8.2258251685576944,-0.021138564760800449,-2.2447098539521111
pmks_positive_0155,-8.2251610549477547,-0.058558121431074639,-2.2458089318838157
pmks_positive_0156,-8.2238730816380929,-0.096004594955320766,-2.2479398500406735
pmks_positive_0157,-8.2219606567118948,-0.13349518105420177,-2.2511023963389487
pmks_positive_0158,-8.2194229016916083,-0.17104707098013527,-2.2552962448565137
pmks_positive_0159,-8.2162586516297758,-0.20867744951713307,-2.2605209427708068
pmks_positive_0160,-8.2124664552352158,-0.24640349272697959,-2.2667758929757937
pmks_positive_0161,-8.2080445750393949,-0.28424236536931069,-2.2740603323285602
pmks_positive_0162,-8.2029909876090201,-0.32221121792234841,-2.2823733054648994
pmks_positive_0163,-8.1973033838121143,-0.36032718312980094,-2.2917136341124191
pmks_positive_0164,-8.1909791691461535,-0.39860737199819996,-2.3020798818196417
pmks_positive_0165,-8.1840154641379819,-0.43706886916763432,-2.3134703140102708
pmks_positive_0166,-8.1764091048266927,-0.47572872757700857,-2.3258828532634723
pmks_positive_0167,-8.1681566433418222,-0.51460396234351347,-2.3393150297138416
pmks_positive_0168,-8.1592543485906965,-0.55371154377394216,-2.3537639264588273
pmks_positive_0169,-8.1496982070700668,-0.59306838942373608,-2.3692261198569762
pmks_positive_0170,-8.1394839238186059,-0.63269135511761121,-2.3856976145976905
pmks_positive_0171,-8.1286069235283716,-0.67259722484357631,-2.4031737734223659
pmks_positive_0172,-8.1170623518346634,-0.71280269943026164,-2.4216492413782289
pmks_positive_0173,-8.1048450768054003,-0.75332438391544843,-2.4411178644899678
pmks_positive_0174,-8.0919496906525747,-0.79417877351183486,-2.4615726027408185
pmks_positive_0175,-8.0783705116899576,-0.83538223807440093,-2.4830054372643144
pmks_positive_0176,-8.0641015865628454,-0.87695100497205969,-2.5054072716608076
pmks_positive_0177,-8.0491366927772674,-0.9189011402652083,-2.528767827369383
pmks_positive_0178,-8.0334693415576854,-0.96124852808951133,-2.5530755330464689
pmks_positive_0179,-8.017092781063976,-1.0040088481459186,-2.5783174079273121
pmks_positive_0180,-8.0000000000000249,-1.0471975511965415,-2.6044789391763219
pmks_positive_0181,-7.982183731648048,-1.0908298324665675,-2.6315439532671525
pmks_positive_0182,-7.9636364583643573,-1.1349206028532735,-2.6594944814737937
pmks_positive_0183,-7.9443504165739158,-1.1794844578450023,-2.6883106196003528
pmks_positive_0184,-7.9243176023026587,-1.2245356440555071,-2.7179703821297778
pmks_positive_0185,-7.9035297772880835,-1.2700880232825402,-2.7484495510310332
pmks_positive_0186,-7.8819784757100688,-1.3161550340042039,-2.7797215195304457
pmks_positive_0187,-7.8596550115854784,-1.3627496502317882,-2.8117571312260679
pmks_positive_0188,-7.8365504868708173,-1.409884337646109,-2.8445245150054626
pmks_positive_0189,-7.8126558003193436,-1.4575710069506362,-2.8779889163143051
pmks_positive_0190,-7.7879616571390491,-1.5058209643867562,-2.9121125254204778
pmks_positive_0191,-7.762458579499401,-1.5546448593667508,-2.946854303420972
pmks_positive_0192,-7.7361369179350881,-1.6040526291939927,-2.9821698068499565
pmks_positive_0193,-7.7089868636955057,-1.6540534408549539,-3.0180110118642101
pmks_positive_0194,-7.6809984620887697,-1.7046556298850171,-3.0543261391063505
pmks_positive_0195,-7.6521616268688781,-1.7558666363294431,-3.0910594804764897
pmks_positive_0196,-7.6224661557141165,-1.8076929378424877,-3.1281512291779467
pmks_positive_0197,-7.5919017468438925,-1.8601399799915719,-3.1655373145414467
pmks_positive_0198,-7.5604580168198137,-1.913212103859689,-3.2031492432733284
pmks_positive_0199,-7.5281245195750879,-1.9669124710677792,-3.2409139489151406
pmks_positive_0200,-7.494890766714021,-2.0212429863698302,-3.2787536514424493
pmks_positive_0201,-7.460746249120537,-2.0762042180066906,-3.3165857290675982
pmks_positive_0202,-7.4256804599113293,-2.1317953160401202,-3.3543226044419794
pmks_positive_0203,-7.3896829187651374,-2.1880139289262219,-3.3918716475749915
pmks_positive_0204,-7.3527431976551103,-2.2448561186269518,-3.4291350978963937
pmks_positive_0205,-7.3148509480058372,-2.3023162745996224,-3.4660100079825376
pmks_positive_0206,-7.2759959292905734,-2.3603870270470506,-3.5023882115412484
pmks_positive_0207,-7.2361680390775804,-2.4190591598545903,-3.5381563183012203
pmks_positive_0208,-7.1953573445268493,-2.4783215236847567,-3.5731957384752882
pmks_positive_0209,-7.1535541153303948,-2.5381609497445075,-3.6073827394589912
pmks_positive_0210,-7.1107488580803055,-2.598562164784362,-3.6405885373820821
pmks_positive_0211,-7.0669323520390774,-2.6595077079314784,-3.6726794260471034
pmks_positive_0212,-7.0220956862763053,-2.7209778500001107,-3.7035169456619457
pmks_positive_0213,-6.9762302981248476,-2.7829505159615358,-3.7329580935989273
pmks_positive_0214,-6.9293280128979164,-2.845401211290945,-3.7608555791885641
pmks_positive_0215,-6.8813810847961721,-2.9083029529401396,-3.7870581242789001
pmks_positive_0216,-6.832382238921384,-2.9716262057108698,-3.811410810960207
pmks_positive_0217,-6.7823247143000307,-3.0353388248239686,-3.8337554774686957
pmks_positive_0218,-6.7312023078068197,-3.099406005492686,-3.8539311628423141
pmks_positive_0219,-6.6790094188646636,-3.1637902403141331,-3.8717746004084419
pmks_positive_0220,-6.6257410947839457,-3.2284512852896508,-3.8871207596401134
pmks_positive_0221,-6.5713930765907458,-3.293346135272277,-3.8998034353290691
pmks_positive_0222,-6.5159618451802137,-3.3584290096168981,-3.9096558823958767
pmks_positive_0223,-6.4594446676189703,-3.4236513487750675,-3.9165114939979557
pmks_positive_0224,-6.401839643408147,-3.4889618225319574,-3.9202045199136699
pmks_positive_0225,-6.3431457505076283,-3.554306350526685,-3.9205708214860202
pmks_positive_0226,-6.283362890911901,-3.6196281356295339,-3.9174486587144304
pmks_positive_0227,-6.2224919355589821,-3.6848677106703649,-3.9106795044007683
pmks_positive_0228,-6.1605347683463991,-3.7499629989220984,-3.9001088796000705
pmks_positive_0229,-6.0974943290223225,-3.8148493886421111,-3.8855872040122676
pmks_positive_0230,-6.0333746547157618,-3.8794598218636436,-3.8669706543932909
pmks_positive_0231,-5.9681809198675815,-3.9437248975097328,-3.8441220235771274
pmks_positive_0232,-5.9019194743238668,-4.0075729887752756,-3.8169115722992899
pmks_positive_0233,-5.8345978793552407,-4.0709303745899916,-3.7852178657097864
pmks_positive_0234,-5.7662249413699307,-4.1337213848381076,-3.7489285862721986
pmks_positive_0235,-5.6968107430950212,-4.1958685588714006,-3.7079413146749927
pmks_positive_0236,-5.6263666720090786,-4.2572928167130382,-3.662164270439221
pmks_positive_0237,-5.5549054458207232,-4.317913642212396,-3.611517004098987
pmks_positive_0238,-5.4824411348009479,-4.3776492772782367,-3.5559310331590375
pmks_positive_0239,-5.4089891807927986,-4.4364169261913577,-3.4953504144972185
pmks_positive_0240,-5.3345664127394965,-4.4941329688803933,-3.4297322464735078
pmks_positive_0241,-5.2591910585916839,-4.5507131819379651,-3.3590470947247644
pmks_positive_0242,-5.1828827534756741,-4.6060729660607826,-3.2832793364542665
pmks_positive_0243,-5.1056625440271244,-4.6601275785184093,-3.2024274189535142
pmks_positive_0244,-5.0275528888184233,-4.7127923691926856,-3.1165040291044654
pmks_positive_0245,-4.9485776548327305,-4.7639830186844714,-3.025536171684414
pmks_positive_0246,-4.8687621099629919,-4.8136157769573131,-2.9295651554124711
pmks_positive_0247,-4.7881329115397309,-4.861607700979504,-2.8286464868141969
pmks_positive_0248,-4.7067180909171578,-4.9078768898366603,-2.7228496731173344
pmks_positive_0249,-4.6245470341722044,-4.9523427158165454,-2.6122579365037844
pmks_positive_0250,-4.5416504589958562,-4.9949260500155805,-2.4969678431101046
pmks_positive_0251,-4.4580603878796898,-5.0355494810814427,-2.3770888511695345
pmks_positive_0252,-4.3738101177230249,-5.0741375257871528,-2.2527427836053109
pmks_positive_0253,-4.2889341860070385,-5.1106168302275066,-2.1240632312008549
pmks_positive_0254,-4.2034683337014931,-5.1449163605367891,-1.9911948931743713
pmks_positive_0255,-4.1174494650870708,-5.1769675821455241,-1.8542928625627466
pmks_positive_0256,-4.0309156046915975,-5.2067046267212929,-1.7135218642654502
pmks_positive_0257,-3.9439058515517038,-5.2340644460723027,-1.5690554539096859
pmks_positive_0258,-3.8564603310221797,-5.2589869524300532,-1.4210751858722583
pmks_positive_0259,-3.7686201443640073,-5.2814151446668598,-1.2697697588348431
pmks_positive_0260,-3.6804273163481644,-5.3012952201431034,-1.1153341471624461
pmks_positive_0261,-3.5919247411163404,-5.3185766720156273,-0.95796872618837137
pmks_positive_0262,-3.503156126541346,-5.3332123719710021,-0.79787839917309356
pmks_positive_0263,-3.4141659373295288,-5.3451586384734098,-0.63527173329118636
pmks_positive_0264,-3.3249993371051159,-5.3543752907355833,-0.47036011150385981
pmks_positive_0265,-3.2357021297118234,-5.3608256887307491,-0.30335690660822401
pmks_positive_0266,-3.1463206999611328,-5.3644767596633747,-0.1344766831341877
pmks_positive_0267,-3.0569019540487434,-5.3652990114055248,0.036065567900221307
pmks_positive_0268,-2.9674932598517052,-5.3632665334834781,0.20805515704905719
pmks_positive_0269,-2.8781423873083778,-5.3583569862655978,0.38127838368386957
pmks_positive_0270,-2.7888974490720293,-5.3505515790570559,0.5555231794878992
pmks_positive_0271,-2.6998068416168177,-5.3398350378504364,0.7305797059425696
pmks_positive_0272,-2.6109191869620441,-5.3261955635131457,0.90624090420601622
pmks_positive_0273,-2.5222832751673971,-5.3096247812141231,1.0823029964064117
pmks_positive_0274,-2.433948007738469,-5.2901176819036815,1.2585659379557661
pmks_positive_0275,-2.3459623420681535,-5.2676725566622666,1.4348338210268359
pmks_positive_0276,-2.2583752370260237,-5.2422909247275751,1.6109152298223364
pmks_positive_0277,-2.1712355997944206,-5.2139774559951073,1.7866235486992632
pmks_positive_0278,-2.0845922340368226,-5.1827398887664202,1.9617772245901066
pmks_positive_0279,-1.9984937894715153,-5.1485889434925092,2.1361999854869365
pmks_positive_0280,-1.9129887129112204,-5.1115382332279289,2.3097210170245006
pmks_positive_0281,-1.8281252008178304,-5.071604171475542,2.4821750994164038
pmks_positive_0282,-1.7439511534103214,-5.0288058780626388,2.6534027071664203
pmks_positive_0283,-1.6605141303536342,-4.9831650836478349,2.8232500740984565
pmks_positive_0284,-1.577861308046588,-4.934706033414944,2.9915692263267704
pmks_positive_0285,-1.4960394385181155,-4.8834553904660911,3.1582179858270516
pmks_positive_0286,-1.4150948099328235,-4.8294421393817508,3.3230599472726112
pmks_positive_0287,-1.3350732086995327,-4.7726974903713133,3.4859644307726172
pmks_positive_0288,-1.256019883169704,-4.7132547843941772,3.6468064130951516
pmks_positive_0289,-1.1779795089067322,-4.6511493995889381,3.8054664398806985
pmks_positive_0290,-1.1009961555017667,-4.5864186593073288,3.96183052125587
pmks_positive_0291,-1.0251132549070976,-4.5191017420101787,4.1157900131458467
pmks_positive_0292,-0.95037357125421729,-4.4492395932454869,4.267241486461085
pmks_positive_0293,-0.8768191721202665,-4.3768748398935111,4.4160865862021863
pmks_positive_0294,-0.8044914012037343,-4.302051706830734,4.5622318823892947
pmks_positive_0295,-0.7334308523680827,-4.2248159361341484,4.705588714581773
pmks_positive_0296,-0.66367734501015252,-4.1452147089188989,4.8460730316120735
pmks_positive_0297,-0.59526990070881214,-4.0632965698765275,4.9836052280168754
pmks_positive_0298,-0.5282467211085049,-3.9791113545574461,5.1181099785103132
pmks_positive_0299,-0.46264516699170094,-3.8927101194200033,5.2495160717096825
pmks_positive_0300,-0.39850173849412895,-3.8041450746494374,5.3777562441946722
pmks_positive_0301,-0.33585205641665761,-3.7134695197329783,5.5027670158577235
pmks_positive_0302,-0.27473084458819585,-3.6207377817624677,5.6244885273862781
pmks_positive_0303,-0.21517191323438953,-3.5260051564226438,5.7428643806078812
pmks_positive_0304,-0.15720814330785385,-3.4293278516120909,5.8578414823266742
pmks_positive_0305,-0.10087147173654773,-3.3307629336340496,5.9693698921849681
pmks_positive_0306,-0.046192877548020518,-3.2303682758861356,6.0774026749963497
pmks_positive_0307,0.00679763117143691,-3.1282025099713429,6.1818957579169238
pmks_positive_0308,0.058071029522436333,-3.0243249791471087,6.2828077927491357
pmks_positive_0309,0.10759928728117255,-2.9187956940249031,6.3801000236072101
pmks_positive_0310,0.1553553796678776,-2.8116752904294953,6.4737361601151751
pmks_positive_0311,0.20131329743028542,-2.7030249893246308,6.563682256256512
pmks_positive_0312,0.24544805627575719,-2.5929065587102129,6.6499065949492335
pmks_positive_0313,0.28773570568411239,-2.4813822773953076,6.7323795783803142
pmks_positive_0314,0.32815333713165734,-2.3685149005508426,6.8110736240995262
pmks_positive_0315,0.36667909175524116,-2.2543676269463018,6.8859630668435079
pmks_positive_0316,0.4032921674836491,-2.139004067775256,6.9570240660366789
pmks_positive_0317,0.43797282566198048,-2.0224882169757774,7.0242345188956712
pmks_positive_0318,0.47070239719320162,-1.9048844229529966,7.0875739790478827
pmks_positive_0319,0.50146328821946151,-1.7862573616127564,7.1470235805624664
pmks_positive_0320,0.53023898536424252,-1.6666720106171193,7.2025659672829727
pmks_positive_0321,0.55701406055505209,-1.5461936247742549,7.2541852273448253
pmks_positive_0322,0.58177417544477161,-1.4248877124773509,7.3018668327572991
pmks_positive_0323,0.6045060854484966,-1.3028200131090892,7.3455975839287646
pmks_positive_0324,0.62519764341126116,-1.180056475330425,7.3853655590150113
pmks_positive_0325,0.64383780292072601,-1.0566632361740946,7.4211600679735046
pmks_positive_0326,0.66041662127758827,-0.93270660086551027,7.452971611211149
pmks_positive_0327,0.67492526213522241,-0.80825302329529447,7.4807918427191833
pmks_positive_0328,0.68735599781874956,-0.68336908706956168,7.5046135375963967
pmks_positive_0329,0.69770221133262145,-0.55812148706552378,7.5244305638703182
pmks_positive_0330,0.70595839806449268,-0.43257701142146776,7.540237858535499
pmks_positive_0331,0.71212016719207605,-0.30680252389151241,7.5520314077383137
pmks_positive_0332,0.71618424279845549,-0.18086494649647533,7.5598082310486792
pmks_positive_0333,0.71814846470026705,-0.054831242403158065,7.5635663697704469
pmks_positive_0334,0.71801178899195317,0.071231601035316228,7.5633048792542912
pmks_positive_0335,0.71577428830824463,0.19725658914303357,7.5590238251889357
pmks_positive_0336,0.71143715180591938,0.32317673675783642,7.5507242838590738
pmks_positive_0337,0.70500268486472562,0.44892508510367235,7.5384083463708187
pmks_positive_0338,0.6964743085063404,0.57443471876734331,7.5220791268579239
pmks_positive_0339,0.6858565585290427,0.69963878284512937,7.5017407746945137
pmks_positive_0340,0.6731550843547317,0.82447050032664237,7.4773984907521189
pmks_positive_0341,0.65837664758377157,0.94886318978360329,7.4490585477507238
pmks_positive_0342,0.64152912025200604,1.0727502834323934,7.4167283147649137
pmks_positive_0343,0.62262148278312268,1.1960653456401662,7.3804162859570983
pmks_positive_0344,0.60166382162840204,1.3187420919456063,7.340132113619898
pmks_positive_0345,0.57866732658465425,1.4407144086669632,7.2958866456192748
pmks_positive_0346,0.55364428777995878,1.5619163731714527,7.2476919673382447
pmks_positive_0347,0.52660809231553107,1.6822822748820125,7.1955614482283909
pmks_positive_0348,0.49757322055079795,1.8017466370990729,7.1395097930823166
pmks_positive_0349,0.46655524201743842,1.9202442397170394,7.0795530981446984
pmks_positive_0350,0.43357081094679067,2.037710142917085,7.0157089121823368
pmks_positive_0351,0.3986376613936658,2.1540797119199757,6.94799630263448
pmks_positive_0352,0.3617746019381754,2.269288642884578,6.8764359269634534
pmks_positive_0353,0.32300150994578086,2.3832729900396403,6.8010501093216975
pmks_positive_0354,0.28233932536424255,2.4959691941384903,6.7218629226451174
pmks_positive_0355,0.23981004403465711,2.6073141123278432,6.6389002762729223
pmks_positive_0356,0.19543671049226802,2.7172450495236151,6.5521900091815031
pmks_positive_0357,0.14924341023112112,2.8256997913879425,6.4617619889033415
pmks_positive_0358,0.10125526140510563,2.9326166390025676,6.3676482161814159
pmks_positive_0359,0.051498405936310991,3.0379344453344785,6.2698829353847234
pmks_negative_0000,0,0,0
pmks_negative_0001,0.051498405936310991,-3.0379344453344785,6.2698829353847234
pmks_negative_0002,0.10125526140510563,-2.9326166390025676,6.3676482161814159
pmks_negative_0003,0.14924341023112112,-2.8256997913879425,6.4617619889033415
pmks_negative_0004,0.19543671049226802,-2.7172450495236151,6.5521900091815031
pmks_negative_0005,0.23981004403465711,-2.6073141123278432,6.6389002762729223
pmks_negative_0006,0.28233932536424255,-2.4959691941384903,6.7218629226451174
pmks_negative_0007,0.32300150994578086,-2.3832729900396403,6.8010501093216975
pmks_negative_0008,0.3617746019381754,-2.269288642884578,6.8764359269634534
pmks_negative_0009,0.3986376613936658,-2.1540797119199757,6.94799630263448
pmks_negative_0010,0.43357081094679067,-2.037710142917085,7.0157089121823368
pmks_negative_0011,0.46655524201743842,-1.9202442397170394,7.0795530981446984
pmks_negative_0012,0.49757322055079795,-1.8017466370990729,7.1395097930823166
pmks_negative_0013,0.52660809231553107,-1.6822822748820125,7.1955614482283909
pmks_negative_0014,0.55364428777995878,-1.5619163731714527,7.2476919673382447
pmks_negative_0015,0.57866732658465425,-1.4407144086669632,7.2958866456192748
pmks_negative_0016,0.60166382162840204,-1.3187420919456063,7.340132113619898
pmks_negative_0017,0.62262148278312268,-1.1960653456401662,7.3804162859570983
pmks_negative_0018,0.64152912025200604,-1.0727502834323934,7.4167283147649137
pmks_negative_0019,0.65837664758377157,-0.94886318978360329,7.4490585477507238
pmks_negative_0020,0.6731550843547317,-0.82447050032664237,7.4773984907521189
pmks_negative_0021,0.6858565585290427,-0.69963878284512937,7.5017407746945137
pmks_negative_0022,0.6964743085063404,-0.57443471876734331,7.5220791268579239
pmks_negative_0023,0.70500268486472562,-0.44892508510367235,7.5384083463708187
pmks_negative_0024,0.71143715180591938,-0.32317673675783642,7.5507242838590738
pmks_negative_0025,0.71577428830824463,-0.19725658914303357,7.5590238251889357
pmks_negative_0026,0.71801178899195317,-0.071231601035316228,7.5633048792542912
pmks_negative_0027,0.71814846470026705,0.054831242403158065,7.5635663697704469
pmks_negative_0028,0.71618424279845549,0.18086494649647533,7.5598082310486792
pmks_negative_0029,0.71212016719207605,0.30680252389151241,7.5520314077383137
pmks_negative_0030,0.70595839806449268,0.43257701142146776,7.540237858535499
pmks_negative_0031,0.69770221133262145,0.55812148706552378,7.5244305638703182
pmks_negative_0032,0.68735599781874956,0.68336908706956168,7.5046135375963967
pmks_negative_0033,0.67492526213522241,0.80825302329529447,7.4807918427191833
pmks_negative_0034,0.66041662127758827,0.93270660086551027,7.452971611211149
pmks_negative_0035,0.64383780292072601,1.0566632361740946,7.4211600679735046
pmks_negative_0036,0.62519764341126116,1.180056475330425,7.3853655590150113
pmks_negative_0037,0.6045060854484966,1.3028200131090892,7.3455975839287646
pmks_negative_0038,0.58177417544477161,1.4248877124773509,7.3018668327572991
pmks_negative_0039,0.55701406055505209,1.5461936247742549,7.2541852273448253
pmks_negative_0040,0.53023898536424252,1.6666720106171193,7.2025659672829727
pmks_negative_0041,0.50146328821946151,1.7862573616127564,7.1470235805624664
pmks_negative_0042,0.47070239719320162,1.9048844229529966,7.0875739790478827
pmks_negative_0043,0.43797282566198048,2.0224882169757774,7.0242345188956712
pmks_negative_0044,0.4032921674836491,2.139004067775256,6.9570240660366789
pmks_negative_0045,0.36667909175524116,2.2543676269463018,6.8859630668435079
pmks_negative_0046,0.32815333713165734,2.3685149005508426,6.8110736240995262
pmks_negative_0047,0.28773570568411239,2.4813822773953076,6.7323795783803142
pmks_negative_0048,0.24544805627575719,2.5929065587102129,6.6499065949492335
pmks_negative_0049,0.20131329743028542,2.7030249893246308,6.563682256256512
pmks_negative_0050,0.1553553796678776,2.8116752904294953,6.4737361601151751
pmks_negative_0051,0.10759928728117255,2.9187956940249031,6.3801000236072101
pmks_negative_0052,0.058071029522436333,3.0243249791471087,6.2828077927491357
pmks_negative_0053,0.00679763117143691,3.1282025099713429,6.1818957579169238
pmks_negative_0054,-0.046192877548020518,3.2303682758861356,6.0774026749963497
pmks_negative_0055,-0.10087147173654773,3.3307629336340496,5.9693698921849681
pmks_negative_0056,-0.15720814330785385,3.4293278516120909,5.8578414823266742
pmks_negative_0057,-0.21517191323438953,3.5260051564226438,5.7428643806078812
pmks_negative_0058,-0.27473084458819585,3.6207377817624677,5.6244885273862781
pmks_negative_0059,-0.33585205641665761,3.7134695197329783,5.5027670158577235
pmks_negative_0060,-0.39850173849412895,3.8041450746494374,5.3777562441946722
pmks_negative_0061,-0.46264516699170094,3.8927101194200033,5.2495160717096825
pmks_negative_0062,-0.5282467211085049,3.9791113545574461,5.1181099785103132
pmks_negative_0063,-0.59526990070881214,4.0632965698765275,4.9836052280168754
pmks_negative_0064,-0.66367734501015252,4.1452147089188989,4.8460730316120735
pmks_negative_0065,-0.7334308523680827,4.2248159361341484,4.705588714581773
pmks_negative_0066,-0.8044914012037343,4.302051706830734,4.5622318823892947
pmks_negative_0067,-0.8768191721202665,4.3768748398935111,4.4160865862021863
pmks_negative_0068,-0.95037357125421729,4.4492395932454869,4.267241486461085
pmks_negative_0069,-1.0251132549070976,4.5191017420101787,4.1157900131458467
pmks_negative_0070,-1.1009961555017667,4.5864186593073288,3.96183052125587
pmks_negative_0071,-1.1779795089067322,4.6511493995889381,3.8054664398806985
pmks_negative_0072,-1.256019883169704,4.7132547843941772,3.6468064130951516
pmks_negative_0073,-1.3350732086995327,4.7726974903713133,3.4859644307726172
pmks_negative_0074,-1.4150948099328235,4.8294421393817508,3.3230599472726112
pmks_negative_0075,-1.4960394385181155,4.8834553904660911,3.1582179858270516
pmks_negative_0076,-1.577861308046588,4.934706033414944,2.9915692263267704
pmks_negative_0077,-1.6605141303536342,4.9831650836478349,2.8232500740984565
pmks_negative_0078,-1.7439511534103214,5.0288058780626388,2.6534027071664203
pmks_negative_0079,-1.8281252008178304,5.071604171475542,2.4821750994164038
pmks_negative_0080,-1.9129887129112204,5.1115382332279289,2.3097210170245006
pmks_negative_0081,-1.9984937894715153,5.1485889434925092,2.1361999854869365
pmks_negative_0082,-2.0845922340368226,5.1827398887664202,1.9617772245901066
pmks_negative_0083,-2.1712355997944206,5.2139774559951073,1.7866235486992632
pmks_negative_0084,-2.2583752370260237,5.2422909247275751,1.6109152298223364
pmks_negative_0085,-2.3459623420681535,5.2676725566622666,1.4348338210268359
pmks_negative_0086,-2.433948007738469,5.2901176819036815,1.2585659379557661
pmks_negative_0087,-2.5222832751673971,5.3096247812141231,1.0823029964064117
pmks_negative_0088,-2.6109191869620441,5.3261955635131457,0.90624090420601622
pmks_negative_0089,-2.6998068416168177,5.3398350378504364,0.7305797059425696
pmks_negative_0090,-2.7888974490720293,5.3505515790570559,0.5555231794878992
pmks_negative_0091,-2.8781423873083778,5.3583569862655978,0.38127838368386957
pmks_negative_0092,-2.9674932598517052,5.3632665334834781,0.20805515704905719
pmks_negative_0093,-3.0569019540487434,5.3652990114055248,0.036065567900221307
pmks_negative_0094,-3.1463206999611328,5.3644767596633747,-0.1344766831341877
pmks_negative_0095,-3.2357021297118234,5.3608256887307491,-0.30335690660822401
pmks_negative_0096,-3.3249993371051159,5.3543752907355833,-0.47036011150385981
pmks_negative_0097,-3.4141659373295288,5.3451586384734098,-0.63527173329118636
pmks_negative_0098,-3.503156126541346,5.3332123719710021,-0.79787839917309356
pmks_negative_0099,-3.5919247411163404,5.3185766720156273,-0.95796872618837137
pmks_negative_0100,-3.6804273163481644,5.3012952201431034,-1.1153341471624461
pmks_negative_0101,-3.7686201443640073,5.2814151446668598,-1.2697697588348431
pmks_negative_0102,-3.8564603310221797,5.2589869524300532,-1.4210751858722583
pmks_negative_0103,-3.9439058515517038,5.2340644460723027,-1.5690554539096859
pmks_negative_0104,-4.0309156046915975,5.2067046267212929,-1.7135218642654502
pmks_negative_0105,-4.1174494650870708,5.1769675821455241,-1.8542928625627466
pmks_negative_0106,-4.2034683337014931,5.1449163605367891,-1.9911948931743713
pmks_negative_0107,-4.2889341860070385,5.1106168302275066,-2.1240632312008549
pmks_negative_0108,-4.3738101177230249,5.0741375257871528,-2.2527427836053109
pmks_negative_0109,-4.4580603878796898,5.0355494810814427,-2.3770888511695345
pmks_negative_0110,-4.5416504589958562,4.9949260500155805,-2.4969678431101046
pmks_negative_0111,-4.6245470341722044,4.9523427158165454,-2.6122579365037844
pmks_negative_0112,-4.7067180909171578,4.9078768898366603,-2.7228496731173344
pmks_negative_0113,-4.7881329115397309,4.861607700979504,-2.8286464868141969
pmks_negative_0114,-4.8687621099629919,4.8136157769573131,-2.9295651554124711
pmks_negative_0115,-4.9485776548327305,4.7639830186844714,-3.025536171684414
pmks_negative_0116,-5.0275528888184233,4.7127923691926856,-3.1165040291044654
pmks_negative_0117,-5.1056625440271244,4.6601275785184093,-3.2024274189535142
pmks_negative_0118,-5.1828827534756741,4.6060729660607826,-3.2832793364542665
pmks_negative_0119,-5.2591910585916839,4.5507131819379651,-3.3590470947247644
pmks_negative_0120,-5.3345664127394965,4.4941329688803933,-3.4297322464735078
pmks_negative_0121,-5.4089891807927986,4.4364169261913577,-3.4953504144972185
pmks_negative_0122,-5.4824411348009479,4.3776492772782367,-3.5559310331590375
pmks_negative_0123,-5.5549054458207232,4.317913642212396,-3.611517004098987
pmks_negative_0124,-5.6263666720090786,4.2572928167130382,-3.662164270439221
pmks_negative_0125,-5.6968107430950212,4.1958685588714006,-3.7079413146749927
pmks_negative_0126,-5.7662249413699307,4.1337213848381076,-3.7489285862721986
pmks_negative_0127,-5.8345978793552407,4.0709303745899916,-3.7852178657097864
pmks_negative_0128,-5.9019194743238668,4.0075729887752756,-3.8169115722992899
pmks_negative_0129,-5.9681809198675815,3.9437248975097328,-3.8441220235771274
pmks_negative_0130,-6.0333746547157618,3.8794598218636436,-3.8669706543932909
pmks_negative_0131,-6.0974943290223225,3.8148493886421111,-3.8855872040122676
pmks_negative_0132,-6.1605347683463991,3.7499629989220984,-3.9001088796000705
pmks_negative_0133,-6.2224919355589821,3.6848677106703649,-3.9106795044007683
pmks_negative_0134,-6.283362890911901,3.6196281356295339,-3.9174486587144304
pmks_negative_0135,-6.3431457505076283,3.554306350526685,-3.9205708214860202
pmks_negative_0136,-6.401839643408147,3.4889618225319574,-3.9202045199136699
pmks_negative_0137,-6.4594446676189703,3.4236513487750675,-3.9165114939979557
pmks_negative_0138,-6.5159618451802137,3.3584290096168981,-3.9096558823958767
pmks_negative_0139,-6.5713930765907458,3.293346135272277,-3.8998034353290691
pmks_negative_0140,-6.6257410947839457,3.2284512852896508,-3.8871207596401134
pmks_negative_0141,-6.6790094188646636,3.1637902403141331,-3.8717746004084419
pmks_negative_0142,-6.7312023078068197,3.099406005492686,-3.8539311628423141
pmks_negative_0143,-6.7823247143000307,3.0353388248239686,-3.8337554774686957
pmks_negative_0144,-6.832382238921384,2.9716262057108698,-3.811410810960207
pmks_negative_0145,-6.8813810847961721,2.9083029529401396,-3.7870581242789001
pmks_negative_0146,-6.9293280128979164,2.845401211290945,-3.7608555791885641
pmks_negative_0147,-6.9762302981248476,2.7829505159615358,-3.7329580935989273
pmks_negative_0148,-7.0220956862763053,2.7209778500001107,-3.7035169456619457
pmks_negative_0149,-7.0669323520390774,2.6595077079314784,-3.6726794260471034
pmks_negative_0150,-7.1107488580803055,2.598562164784362,-3.6405885373820821
pmks_negative_0151,-7.1535541153303948,2.5381609497445075,-3.6073827394589912
pmks_negative_0152,-7.1953573445268493,2.4783215236847567,-3.5731957384752882
pmks_negative_0153,-7.2361680390775804,2.4190591598545903,-3.5381563183012203
pmks_negative_0154,-7.2759959292905734,2.3603870270470506,-3.5023882115412484
pmks_negative_0155,-7.3148509480058372,2.3023162745996224,-3.4660100079825376
pmks_negative_0156,-7.3527431976551103,2.2448561186269518,-3.4291350978963937
pmks_negative_0157,-7.3896829187651374,2.1880139289262219,-3.3918716475749915
pmks_negative_0158,-7.4256804599113293,2.1317953160401202,-3.3543226044419794
pmks_negative_0159,-7.460746249120537,2.0762042180066906,-3.3165857290675982
pmks_negative_0160,-7.494890766714021,2.0212429863698302,-3.2787536514424493
pmks_negative_0161,-7.5281245195750879,1.9669124710677792,-3.2409139489151406
pmks_negative_0162,-7.5604580168198137,1.913212103859689,-3.2031492432733284
pmks_negative_0163,-7.5919017468438925,1.8601399799915719,-3.1655373145414467
pmks_negative_0164,-7.6224661557141165,1.8076929378424877,-3.1281512291779467
pmks_negative_0165,-7.6521616268688781,1.7558666363294431,-3.0910594804764897
pmks_negative_0166,-7.6809984620887697,1.7046556298850171,-3.0543261391063505
pmks_negative_0167,-7.7089868636955057,1.6540534408549539,-3.0180110118642101
pmks_negative_0168,-7.7361369179350881,1.6040526291939927,-2.9821698068499565
pmks_negative_0169,-7.762458579499401,1.5546448593667508,-2.946854303420972
pmks_negative_0170,-7.7879616571390491,1.5058209643867562,-2.9121125254204778
pmks_negative_0171,-7.8126558003193436,1.4575710069506362,-2.8779889163143051
pmks_negative_0172,-7.8365504868708173,1.409884337646109,-2.8445245150054626
pmks_negative_0173,-7.8596550115854784,1.3627496502317882,-2.8117571312260679
pmks_negative_0174,-7.8819784757100688,1.3161550340042039,-2.7797215195304457
pmks_negative_0175,-7.9035297772880568,1.2700880232825982,-2.7484495510310722
pmks_negative_0176,-7.9243176023026329,1.2245356440555635,-2.7179703821298165
pmks_negative_0177,-7.9443504165738901,1.1794844578450598,-2.6883106196003892
pmks_negative_0178,-7.9636364583643573,1.1349206028532735,-2.6594944814737937
pmks_negative_0179,-7.982183731648048,1.0908298324665675,-2.6315439532671525
pmks_negative_0180,-8.0000000000000249,1.0471975511965415,-2.6044789391763219
pmks_negative_0181,-8.017092781063976,1.0040088481459186,-2.5783174079273121
pmks_negative_0182,-8.0334693415576854,0.96124852808951133,-2.5530755330464689
pmks_negative_0183,-8.0491366927772674,0.9189011402652083,-2.528767827369383
pmks_negative_0184,-8.0641015865628454,0.87695100497205969,-2.5054072716608076
pmks_negative_0185,-8.0783705116899576,0.83538223807440093,-2.4830054372643144
pmks_negative_0186,-8.0919496906525747,0.79417877351183486,-2.4615726027408185
pmks_negative_0187,-8.1048450768054003,0.75332438391544843,-2.4411178644899678
pmks_negative_0188,-8.1170623518346634,0.71280269943026164,-2.4216492413782289
pmks_negative_0189,-8.1286069235283716,0.67259722484357631,-2.4031737734223659
pmks_negative_0190,-8.1394839238186059,0.63269135511761121,-2.3856976145976905
pmks_negative_0191,-8.1496982070700668,0.59306838942373608,-2.3692261198569762
pmks_negative_0192,-8.1592543485906965,0.55371154377394216,-2.3537639264588273
pmks_negative_0193,-8.1681566433418222,0.51460396234351347,-2.3393150297138416
pmks_negative_0194,-8.1764091048266927,0.47572872757700857,-2.3258828532634723
pmks_negative_0195,-8.1840154641379819,0.43706886916763432,-2.3134703140102708
pmks_negative_0196,-8.1909791691461535,0.39860737199819996,-2.3020798818196417
pmks_negative_0197,-8.1973033838121143,0.36032718312980094,-2.2917136341124191
pmks_negative_0198,-8.2029909876090201,0.32221121792234841,-2.2823733054648994
pmks_negative_0199,-8.2080445750393949,0.28424236536931069,-2.2740603323285602
pmks_negative_0200,-8.2124664552352158,0.24640349272697959,-2.2667758929757937
pmks_negative_0201,-8.2162586516297758,0.20867744951713307,-2.2605209427708068
pmks_negative_0202,-8.2194229016916083,0.17104707098013527,-2.2552962448565137
pmks_negative_0203,-8.2219606567118948,0.13349518105420177,-2.2511023963389487
pmks_negative_0204,-8.2238730816380929,0.096004594955320766,-2.2479398500406735
pmks_negative_0205,-8.2251610549477547,0.058558121431074639,-2.2458089318838157
pmks_negative_0206,-8.2258251685576944,0.021138564760800449,-2.2447098539521111
pmks_negative_0207,-8.2258657277648624,-0.016271273426105903,-2.2446427232694997
pmks_negative_0208,-8.2252827512165219,-0.053688592442939109,-2.245607546320818
pmks_negative_0209,-8.2240759709084372,-0.091130590878010675,-2.2476042293277474
pmks_negative_0210,-8.2222448322110147,-0.12861446489652528,-2.2506325742808793
pmks_negative_0211,-8.2197884939244918,-0.16615740644086086,-2.2546922707162471
pmks_negative_0212,-8.216705828365475,-0.20377660125800778,-2.2597828832124511
pmks_negative_0213,-8.212995421488273,-0.2414892266828268,-2.2659038345723368
pmks_negative_0214,-8.2086555730457285,-0.27931244910473074,-2.2730543846413771
pmks_negative_0215,-8.2036842967953891,-0.31726342104455973,-2.2812336047035626
pmks_negative_0216,-8.1980793207582057,-0.35535927776732068,-2.2904403473847044
pmks_negative_0217,-8.1918380875380326,-0.39361713335545456,-2.3006732119828688
pmks_negative_0218,-8.184957754711629,-0.43205407616542368,-2.3119305051362939
pmks_negative_0219,-8.1774351953000561,-0.47068716358932372,-2.3242101967306623
pmks_negative_0220,-8.1692669983337307,-0.50953341604116975,-2.3375098709402358
pmks_negative_0221,-8.1604494695247372,-0.54860981008590359,-2.3518266722913497
pmks_negative_0222,-8.1509786320613742,-0.58793327062716849,-2.3671572466320914
pmks_negative_0223,-8.1408502275413674,-0.62752066206796187,-2.3834976768890819
pmks_negative_0224,-8.1300597170615383,-0.66738877835629018,-2.4008434134912706
pmks_negative_0225,-8.1186022824833159,-0.70755433182598193,-2.4191891993416736
pmks_negative_0226,-8.1064728278949154,-0.74803394074075091,-2.4385289892215734
pmks_negative_0227,-8.0936659812925456,-0.78884411544785626,-2.4588558635177749
pmks_negative_0228,-8.0801760965046743,-0.83000124304586298,-2.4801619361727472
pmks_negative_0229,-8.0659972553848469,-0.87152157046949619,-2.502438256769818
pmks_negative_0230,-8.0511232703003355,-0.91342118589315036,-2.5256747066817571
pmks_negative_0231,-8.0355476869453977,-0.95571599835375542,-2.5498598892310427
pmks_negative_0232,-8.0192637875097024,-0.99842171549282965,-2.5749810138345284
pmks_negative_0233,-8.0022645942341057,-1.0415538193174649,-2.6010237741343327
pmks_negative_0234,-7.9845428733875803,-1.0851275398803026,-2.6279722201509896
pmks_negative_0235,-7.9660911397008691,-1.1291578267793903,-2.6558086245345294
pmks_negative_0236,-7.9469016612939791,-1.173659318380508,-2.6845133430348129
pmks_negative_0237,-7.9269664651362852,-1.2186463086669983,-2.714064669364137
pmks_negative_0238,-7.9062773430795223,-1.2641327116254759,-2.7444386846835394
pmks_negative_0239,-7.8848258585055264,-1.310132023080177,-2.775609102009478
pmks_negative_0240,-7.862603353631866,-1.3566572798942729,-2.8075471059099795
pmks_negative_0241,-7.8396009575199654,-1.4037210164632499,-2.8402211879391648
pmks_negative_0242,-7.8158095948313218,-1.4513352184336794,-2.8735969783463973
pmks_negative_0243,-7.7912199953786381,-1.4995112735904215,-2.9076370746912348
pmks_negative_0244,-7.7658227045194215,-1.5482599198666236,-2.9423008680978517
pmks_negative_0245,-7.7396080944402588,-1.5975911904440925,-2.9775443679924423
pmks_negative_0246,-7.7125663763805186,-1.6475143559265431,-3.0133200262840769
pmks_negative_0247,-7.6846876138441997,-1.6980378635853459,-3.0495765620729425
pmks_negative_0248,-7.6559617368486448,-1.7491692736964704,-3.0862587880993324
pmks_negative_0249,-7.6263785572582883,-1.8009151930086755,-3.1233074402812737
pmks_negative_0250,-7.5959277852507316,-1.8532812054066321,-3.1606590118269229
pmks_negative_0251,-7.5645990469612334,-1.9062717998585674,-3.1982455935488865
pmks_negative_0252,-7.5323819033498776,-1.9598902957663564,-3.2359947221493606
pmks_negative_0253,-7.4992658703335486,-2.0141387658666208,-3.2738292383858361
pmks_negative_0254,-7.4652404402220736,-2.0690179568643781,-3.3116671571645639
pmks_negative_0255,-7.4302951044945349,-2.1245272080160316,-3.3494215517407886
pmks_negative_0256,-7.3944193779478944,-2.1806643679158237,-3.3870004543276755
pmks_negative_0257,-7.3576028242454745,-2.2374257097791883,-3.4243067755272776
pmks_negative_0258,-7.3198350828875984,-2.2948058455575282,-3.4612382450927606
pmks_negative_0259,-7.2811058976208232,-2.3527976392613374,-3.4976873766083045
pmks_negative_0260,-7.2414051462954765,-2.4113921199123167,-3.5335414587273108
pmks_negative_0261,-7.200722872173893,-2.4705783945892739,-3.5686825756369136
pmks_negative_0262,-7.1590493166836069,-2.5303435620771846,-3.6029876594132273
pmks_negative_0263,-7.116374953600868,-2.5906726276728795,-3.6363285768927924
pmks_negative_0264,-7.0726905246403255,-2.6515484197439645,-3.6685722536076728
pmks_negative_0265,-7.0279870764163803,-2.7129515086791627,-3.6995808372101293
pmks_negative_0266,-6.9822559987307482,-2.7748601289072914,-3.7292119026450665
pmks_negative_0267,-6.9354890641292215,-2.8372501046980236,-3.7573187011103455
pmks_negative_0268,-6.8876784686584163,-2.90009478048938,-3.7837504545751459
pmks_negative_0269,-6.8388168737406323,-2.96336495651382,-3.808352697302146
pmks_negative_0270,-6.7888974490720084,-3.0270288305157438,-3.8309676654407063
pmks_negative_0271,-6.7379139164356552,-3.0910519463675459,-3.8514347353243652
pmks_negative_0272,-6.6858605943080631,-3.1553971503978642,-3.8695909106195576
pmks_negative_0273,-6.6327324431234702,-3.2200245562437622,-3.8852713579355078
pmks_negative_0274,-6.5785251110474112,-3.284891519027251,-3.8983099899225815
pmks_negative_0275,-6.5232349800975236,-3.3499526196352161,-3.9085400942629644
pmks_negative_0276,-6.4668592124369635,-3.4151596598497895,-3.9157950063017894
pmks_negative_0277,-6.4093957966536195,-3.4804616690330286,-3.9199088223866738
pmks_negative_0278,-6.3508435938270864,-3.5458049230151305,-3.9207171502898053
pmks_negative_0279,-6.2912023831750279,-3.6111329757691761,-3.9180578923911056
pmks_negative_0280,-6.2304729070615377,-3.6763867043776171,-3.9117720566161425
pmks_negative_0281,-6.1686569151422876,-3.7415043677068081,-3.901704589462577
pmks_negative_0282,-6.1057572074153121,-3.8064216791061098,-3.8877052248285113
pmks_negative_0283,-6.0417776759417094,-3.8710718933386046,-3.8696293417898007
pmks_negative_0284,-5.9767233449982298,-3.9353859078319382,-3.8473388239770179
pmks_negative_0285,-5.9106004094231661,-3.9992923782117864,-3.8207029127890881
pmks_negative_0286,-5.8434162709187651,-4.0627178479482504,-3.7895990463651525
pmks_negative_0287,-5.7751795720772741,-4.125586891809002,-3.75391367602947
pmks_negative_0288,-5.7059002279040474,-4.1878222726739756,-3.7135430518375574
pmks_negative_0289,-5.6355894546196925,-4.2493451111270764,-3.6683939688926261
pmks_negative_0290,-5.5642597955341282,-4.3100750671027486,-3.6183844662760145
pmks_negative_0291,-5.4919251437985972,-4.3699305327317495,-3.5634444707456976
pmks_negative_0292,-5.4186007618570002,-4.4288288354032046,-3.5035163778025691
pmks_negative_0293,-5.3443032974352942,-4.486686449941323,-3.4385555633020224
pmks_negative_0294,-5.2690507959269857,-4.5434192186871467,-3.3685308194898602
pmks_negative_0295,-5.1928627090537294,-4.5989425781803153,-3.2934247101577356
pmks_negative_0296,-5.1157598997024651,-4.6531717910549242,-3.2132338405298064
pmks_negative_0297,-5.037764642864218,-4.7060221816986845,-3.1279690384932768
pmks_negative_0298,-4.9589006226242525,-4.7574093741769001,-3.0376554448524304
pmks_negative_0299,-4.8791929251785691,-4.8072495308933796,-2.9423325113981198
pmks_negative_0300,-4.7986680278772491,-4.8554595904496649,-2.8420539067209454
pmks_negative_0301,-4.7173537843208129,-4.9019575031723068,-2.7368873308339894
pmks_negative_0302,-4.6352794055610111,-4.9466624628049827,-2.6269142407878201
pmks_negative_0303,-4.5524754374822001,-4.9894951329077157,-2.5122294905343354
pmks_negative_0304,-4.4689737344632734,-5.0303778665681689,-2.3929408893068023
pmks_negative_0305,-4.3848074294426196,-5.0692349181090899,-2.2691686837119387
pmks_negative_0306,-4.3000109005299345,-5.1059926455695059,-2.1410449695596014
pmks_negative_0307,-4.2146197343280232,-5.1405797028439615,-2.0087130401732196
pmks_negative_0308,-4.1286706861454885,-5.1729272204815304,-1.8723266785179957
pmks_negative_0309,-4.0422016372967651,-5.2029689742726823,-1.7320494009473797
pmks_negative_0310,-3.9552515496993603,-5.2306415408850233,-1.588053660696032
pmks_negative_0311,-3.8678604179893528,-5.2558844399461808,-1.4405200194401706
pmks_negative_0312,-3.7800692193851102,-5.2786402621114581,-1.2896362953034324
pmks_negative_0313,-3.6919198615356748,-5.2988547827931027,-1.1355966956169716
pmks_negative_0314,-3.603455128594526,-5.3164770613650623,-0.97860094254986807
pmks_negative_0315,-3.514718625761438,-5.3314595257900388,-0.81885339942430857
pmks_negative_0316,-3.425754722534927,-5.3437580427426212,-0.65656220512857044
pmks_negative_0317,-3.3366084949156005,-5.3533319734219278,-0.49193842355416517
pmks_negative_0318,-3.2473256667964909,-5.3601442153580212,-0.32519521442523364
pmks_negative_0319,-3.1579525507705966,-5.364161230617527,-0.15654703127449199
pmks_negative_0320,-3.0685359885782777,-5.3653530609042299,0.013791148335983914
pmks_negative_0321,-2.9791232914082428,-5.3636933301299194,0.18560455593302752
pmks_negative_0322,-2.8897621802556772,-5.3591592350983959,0.35867932486878729
pmks_negative_0323,-2.8005007265298771,-5.3517315250018971,0.53280313964899018
pmks_negative_0324,-2.7113872930916929,-5.3413944704738467,0.70776583950951111
pmks_negative_0325,-2.6224704758884192,-5.3281358229754225,0.88335997455686288
pmks_negative_0326,-2.533799046340568,-5.3119467653161445,1.0593813134169974
pmks_negative_0327,-2.4454218946215618,-5.2928218541214038,1.2356293019242643
pmks_negative_0328,-2.3573879739577119,-5.2707589550629832,1.4119074729263883
pmks_negative_0329,-2.2697462460623963,-5.2457591716632637,1.5880238077742383
pmks_negative_0330,-2.182545627804795,-5.2178267684704585,1.7637910505056786
pmks_negative_0331,-2.0958349392005715,-5.1869690893822593,1.9390269761193237
pmks_negative_0332,-2.009662852798995,-5.1531964718690286,2.1135546146649258
pmks_negative_0333,-1.924077844528822,-5.1165221578165925,2.2872024331545551
pmks_negative_0334,-1.8391281460535436,-5.0769622016733491,2.4598044775228574
pmks_negative_0335,-1.7548616986754308,-5.034535376547705,2.6312004770397697
pmks_negative_0336,-1.6713261088175033,-4.9892630788606906,2.8012359137053662
pmks_negative_0337,-1.5885686051027066,-4.9411692321156906,2.9697620592411269
pmks_negative_0338,-1.5066359970406766,-4.8902801903032627,3.1366359823348748
pmks_negative_0339,-1.4255746353241212,-4.8366246414145575,3.3017205288051299
pmks_negative_0340,-1.3454303737294269,-4.7802335114926269,3.4648842773270352
pmks_negative_0341,-1.2662485326091797,-4.7211398696072555,3.6260014733109078
pmks_negative_0342,-1.1880738639583732,-4.6593788340963345,3.7849519434503698
pmks_negative_0343,-1.1109505180305539,-4.5949874803756225,3.9416209933631632
pmks_negative_0344,-1.0349220114755602,-4.5280047505792256,4.0958992906384069
pmks_negative_0345,-0.96003119696640959,-4.4584713652556109,4.2476827354823206
pmks_negative_0346,-0.88632023427946527,-4.3864297373084566,4.39687232102394
pmks_negative_0347,-0.8138305627890805,-4.3119238883384199,4.5433739852052302
pmks_negative_0348,-0.74260287533567626,-4.2349993675110884,4.6870984560397435
pmks_negative_0349,-0.67267709342426507,-4.1557031730476757,4.8279610918822407
pmks_negative_0350,-0.60409234370910314,-4.0740836764089607,4.9658817182105102
pmks_negative_0351,-0.53688693571916124,-3.9901905492190299,5.1007844622820038
pmks_negative_0352,-0.47109834077851409,-3.9040746929538517,5.23259758689293
pmks_negative_0353,-0.40676317207548945,-3.8157881714002637,5.3612533243373388
pmks_negative_0354,-0.34391716583449328,-3.7253841458738517,5.4866877115394779
pmks_negative_0355,-0.28259516354472425,-3.632916813168785,5.6088404272150783
pmks_negative_0356,-0.22283109520053795,-3.5384413461994861,5.7276546318063035
pmks_negative_0357,-0.16465796350907469,-3.4420138372824312,5.8430768108318469
pmks_negative_0358,-0.10810782902156899,-3.3436912439964481,5.9550566221978061
pmks_negative_0359,-0.05321179614602823,-3.2435313375516044,6.0635467479266429
