sample_id,theta_delta_rad,omega_rad_s,alpha_rad_s2
pmks_positive_0000,1.6426033939870017,-4.8917740602427493,243.74812729297253
pmks_positive_0001,1.5804045776678208,-3.0290670173059846,54.244981719149102
pmks_positive_0002,1.5357097258101704,-2.4109180703376132,25.69101564887896
pmks_positive_0003,1.4985245209152058,-2.0791498801662511,15.508944587117638
pmks_positive_0004,1.4657612142009475,-1.8660328215986415,10.57415474745309
pmks_positive_0005,1.4359823873507009,-1.7151990485968309,7.7598027530802911
pmks_positive_0006,1.4083824629681196,-1.6017075381683523,5.9829937877598232
pmks_positive_0007,1.3824575241161434,-1.5126161836298899,4.7802150955044498
pmks_positive_0008,1.3578683232890234,-1.440462049515554,3.9235495417755661
pmks_positive_0009,1.3343740902153216,-1.3806044500623722,3.2893128816674708
pmks_positive_0010,1.3117970006603747,-1.3299889485124845,2.8052321245405616
pmks_positive_0011,1.2900015649817049,-1.2865138615949565,2.4265689105509916
pmks_positive_0012,1.2688819344202855,-1.2486805044113301,2.124317822531586
pmks_positive_0013,1.2483537020860171,-1.2153883462119028,1.878945674772607
pmks_positive_0014,1.2283483970427451,-1.185809126844932,1.6768738137958055
pmks_positive_0015,1.208809665174249,-1.1593063417800546,1.5084051004943
pmks_positive_0016,1.1896905464643615,-1.1353819751810506,1.3664520894837195
pmks_positive_0017,1.1709514877717684,-1.113640224703736,1.245729407700072
pmks_positive_0018,1.152558862557437,-1.0937621702091056,1.1422253772735103
pmks_positive_0019,1.1344838483860624,-1.0754876919889251,1.0528471927683327
pmks_positive_0020,1.1167015622122054,-1.058602311137216,0.97517709684949638
pmks_positive_0021,1.0991903848493414,-1.0429274456163533,0.90730136627022362
pmks_positive_0022,1.081931426569589,-1.0283130831990333,0.84768814806587878
pmks_positive_0023,1.0649080995467692,-1.014632194663095,0.79509874043113249
pmks_positive_0024,1.0481057722663796,-1.0017764199418981,0.74852219285918575
pmks_positive_0025,1.0315114875800415,-0.98965269881641715,0.70712643696144861
pmks_positive_0026,1.0151137307231981,-0.97818061165171244,0.67022131368449323
pmks_positive_0027,0.99890223695192693,-0.96729026029819976,0.63723028076768951
pmks_positive_0028,0.98286783088771812,-0.95692056444645757,0.60766853452678893
pmks_positive_0029,0.96700229145568994,-0.94701788075914106,0.58112592723035283
pmks_positive_0030,0.95129823764410759,-0.93753487512950451,0.55725350877119595
pmks_positive_0031,0.93574903132703247,-0.9284295951724203,0.5357528349890498
pmks_positive_0032,0.92034869416556209,-0.91966470238813325,0.51636740771417078
pmks_positive_0033,0.90509183619895595,-0.91120683261547575,0.49887577164004121
pmks_positive_0034,0.88997359419984035,-0.90302606028647392,0.48308590942007179
pmks_positive_0035,0.87498957823028312,-0.89509544722357348,0.46883066176139171
pmks_positive_0036,0.86013582512169329,-0.8873906607211457,0.45596396258621524
pmks_positive_0037,0.84540875782901093,-0.87988964873838793,0.44435772668877305
pmks_positive_0038,0.83080514979172138,-0.87257236242867553,0.43389926305248772
pmks_positive_0039,0.81632209358087016,-0.86542051810766418,0.42448911417848917
pmks_positive_0040,0.80195697323007265,-0.85841739224198332,0.41603924261653669
pmks_positive_0041,0.78770743974533264,-0.85154764421408458,0.40847150198011295
pmks_positive_0042,0.77357138936778869,-0.84479716255554393,0.40171634223613401
pmks_positive_0043,0.75954694422881508,-0.83815293109310285,0.39571170884695933
pmks_positive_0044,0.74563243509092703,-0.83160291205870573,0.39040210304737333
pmks_positive_0045,0.73182638591284566,-0.82513594370728383,0.3857377766404862
pmks_positive_0046,0.71812750001454362,-0.81874165038762403,0.38167403955474383
pmks_positive_0047,0.70453464764952245,-0.81241036334071759,0.37817066229330043
pmks_positive_0048,0.69104685481798944,-0.80613305077076391,0.37519135853590491
pmks_positive_0049,0.67766329317693197,-0.79990125595786721,0.37270333568305319
pmks_positive_0050,0.66438327092200467,-0.79370704236725353,0.37067690318663077
pmks_positive_0051,0.65120622453223898,-0.7875429448646678,0.3690851301873237
pmks_positive_0052,0.63813171128230706,-0.78140192627711391,0.36790354535215197
pmks_positive_0053,0.62515940243882595,-0.77527733864683579,0.36710987293500508
pmks_positive_0054,0.61228907706726632,-0.76916288861803472,0.36668380001582962
pmks_positive_0055,0.59952061638471466,-0.76305260647324935,0.36660677064734509
pmks_positive_0056,0.58685399860122012,-0.75694081840198479,0.3668618032814559
pmks_positive_0057,0.57428929419894337,-0.75082212164003281,0.36743332838461706
pmks_positive_0058,0.56182666160393302,-0.74469136216557874,0.36830704360135008
pmks_positive_0059,0.54946634321025623,-0.73854361467896479,0.36946978420330528
pmks_positive_0060,0.53720866172043891,-0.73237416462795313,0.37090940688015933
pmks_positive_0061,0.52505401676990704,-0.72617849207041374,0.37261468519840907
pmks_positive_0062,0.51300288180635056,-0.71995225719231781,0.37457521528303672
pmks_positive_0063,0.50105580119778359,-0.71369128732131326,0.37678133047184109
pmks_positive_0064,0.48921338754556976,-0.70739156529558656,0.37922402385857046
pmks_positive_0065,0.47747631918087019,-0.70104921906456064,0.38189487778343401
pmks_positive_0066,0.46584533782491788,-0.69466051241262405,0.38478599945191266
pmks_positive_0067,0.45432124639520888,-0.68822183670982784,0.38788996196819781
pmks_positive_0068,0.44290490694122253,-0.6817297036046216,0.39119975016071512
pmks_positive_0069,0.43159723869460842,-0.67518073858338867,0.39470871065618707
pmks_positive_0070,0.42039921621995791,-0.6685716753300126,0.39841050572742426
pmks_positive_0071,0.40931186765333494,-0.66189935082612184,0.40229907050005953
pmks_positive_0072,0.39833627301666796,-0.65516070113911329,0.40636857315601321
pmks_positive_0073,0.38747356259694143,-0.64835275785069924,0.41061337781772322
pmks_positive_0074,0.37672491537987141,-0.64147264508365143,0.41502800983802229
pmks_positive_0075,0.36609155752841588,-0.63451757708867995,0.41960712325673377
pmks_positive_0076,0.35557476089708007,-0.62748485635710349,0.42434547021730806
pmks_positive_0077,0.34517584157351067,-0.62037187222816215,0.42923787216563841
pmks_positive_0078,0.33489615843937948,-0.6131760999625715,0.43427919267909348
pmks_positive_0079,0.32473711174300623,-0.60589510025624682,0.43946431179716205
pmks_positive_0080,0.31470014167658578,-0.59852651917009947,0.4447881017462787
pmks_positive_0081,0.30478672695127296,-0.59106808845342373,0.45024540397065194
pmks_positive_0082,0.29499838336374995,-0.58351762623972403,0.45583100739852001
pmks_positive_0083,0.28533666234822874,-0.57587303809486157,0.4615396278893748
pmks_positive_0084,0.27580314950818569,-0.56813231839819378,0.46736588882252428
pmks_positive_0085,0.26639946312243251,-0.56029355203791431,0.47330430280100161
pmks_positive_0086,0.25712725262044089,-0.55235491640213552,0.47934925445741416
pmks_positive_0087,0.24798819702214581,-0.54431468364737723,0.48549498435991734
pmks_positive_0088,0.23898400333775682,-0.53617122322606658,0.49173557402715601
pmks_positive_0089,0.23011640492341368,-0.52792300465442699,0.49806493207079816
pmks_positive_0090,0.2213871597888413,-0.51956860050173814,0.50447678149317665
pmks_positive_0091,0.21279804885347176,-0.51110668958144068,0.51096464817561149
pmks_positive_0092,0.20435087414783992,-0.50253606032388132,0.51752185060013633
pmks_positive_0093,0.19604745695739892,-0.49385561430975272,0.52414149085365036
pmks_positive_0094,0.18788963590625501,-0.48506436994239993,0.53081644696885388
pmks_positive_0095,0.17987926497869827,-0.4761614662362344,0.53753936666073043
pmks_positive_0096,0.17201821147679036,-0.46714616669747955,0.54430266252071469
pmks_positive_0097,0.16430835391267443,-0.45801786327242,0.55109850873301036
pmks_positive_0098,0.1567515798346984,-0.44877608033723965,0.55791883937872333
pmks_positive_0099,0.14934978358688095,-0.43942047870243411,0.56475534839350339
pmks_positive_0100,0.1421048640017098,-0.42995085960370061,0.57159949124318832
pmks_positive_0101,0.13501872202674006,-0.42036716865015306,0.57844248837946211
pmks_positive_0102,0.12809325828595353,-0.41066949969969907,0.58527533053370862
pmks_positive_0103,0.12133037057734986,-0.40085809863049765,0.59208878590206937
pmks_positive_0104,0.11473195130876816,-0.39093336697657766,0.59887340926810928
pmks_positive_0105,0.10829988487447256,-0.38089586539499193,0.60561955310148952
pmks_positive_0106,0.10203604497558573,-0.37074631693131904,0.61231738066161423
pmks_positive_0107,0.095942291888011538,-0.36048561004992924,0.6189568811243773
pmks_positive_0108,0.090020469682047063,-0.35011480139522638,0.62552788673792581
pmks_positive_0109,0.08427240339845167,-0.33963511825009851,0.63202009199984144
pmks_positive_0110,0.078699896186297247,-0.32904796065804415,0.63842307483336636
pmks_positive_0111,0.07330472640848279,-0.31835490317596038,0.64472631972443506
pmks_positive_0112,0.068088644721338257,-0.30755769622534207,0.6509192427643653
pmks_positive_0113,0.063053371135271041,-0.29665826701071707,0.65699121852535447
pmks_positive_0114,0.058200592063922196,-0.28565871997550285,0.66293160867751966
pmks_positive_0115,0.053531957369774841,-0.27456133676715228,0.66872979223740092
pmks_positive_0116,0.049049077414614881,-0.26336857568544425,0.67437519731876605
pmks_positive_0117,0.044753520123664403,-0.252083070590092,0.6798573342375468
pmks_positive_0118,0.040646808072573065,-0.24070762924646361,0.68516582980399754
pmks_positive_0119,0.036730415606794298,-0.22924523109114667,0.69029046261704652
pmks_positive_0120,0.033005766003142922,-0.21769902440231448,0.69522119915855307
pmks_positive_0121,0.029474228683556342,-0.20607232286336127,0.69994823046913857
pmks_positive_0122,0.026137116491240064,-0.19436860151203569,0.70446200917269641
pmks_positive_0123,0.022995683039479742,-0.1825914920712908,0.70875328660390946
pmks_positive_0124,0.020051120143422835,-0.17074477766225796,0.71281314978242583
pmks_positive_0125,0.017304555345096839,-0.15883238690409551,0.71663305796897403
pmks_positive_0126,0.014757049541813699,-0.14685838740992882,0.72020487853295689
pmks_positive_0127,0.012409594727912671,-0.13482697869263208,0.72352092185807138
pmks_positive_0128,0.010263111859536711,-0.12274248449876708,0.72657397501251608
pmks_positive_0129,0.0083184488517835942,-0.11060934459352795,0.72935733391342839
pmks_positive_0130,0.0065763787171667087,-0.098432106023999086,0.73186483372146982
pmks_positive_0131,0.0050375978538146904,-0.08621541389236248,0.73409087721095301
pmks_positive_0132,0.0037027244912915258,-0.073964001674829596,0.73603046087356405
pmks_positive_0133,0.0025722973012812234,-0.061682681125981464,0.73767919852948727
pmks_positive_0134,0.0016467741796870883,-0.049376331811816332,0.73903334223846695
pmks_positive_0135,0.00092653120595523331,-0.037049890318088002,0.74008980032482974
pmks_positive_0136,0.00041186178462312983,-0.024708339183419747,0.74084615235449869
pmks_positive_0137,0.00010297597324943064,-0.01235669560916304,0.74130066092827929
pmks_positive_0138,0,0,0.74145228018381881
pmks_positive_0139,0.00010297597324943064,0.012356695609162954,0.74130066092827929
pmks_positive_0140,0.00041186178462312983,0.024708339183419661,0.74084615235449869
pmks_positive_0141,0.00092653120595523331,0.037049890318087912,0.74008980032482974
pmks_positive_0142,0.0016467741796870883,0.049376331811816235,0.73903334223846695
pmks_positive_0143,0.0025722973012812234,0.061682681125981374,0.73767919852948727
pmks_positive_0144,0.0037027244912915258,0.073964001674829513,0.73603046087356405
pmks_positive_0145,0.0050375978538146904,0.086215413892362383,0.73409087721095301
pmks_positive_0146,0.0065763787171667087,0.098432106023999016,0.73186483372146982
pmks_positive_0147,0.0083184488517835942,0.11060934459352785,0.7293573339134285
pmks_positive_0148,0.010263111859536683,0.12274248449876703,0.72657397501251619
pmks_positive_0149,0.012409594727912671,0.13482697869263199,0.72352092185807138
pmks_positive_0150,0.014757049541813699,0.14685838740992876,0.72020487853295689
pmks_positive_0151,0.017304555345096839,0.15883238690409543,0.71663305796897403
pmks_positive_0152,0.020051120143422835,0.17074477766225785,0.71281314978242583
pmks_positive_0153,0.022995683039479742,0.18259149207129072,0.70875328660390968
pmks_positive_0154,0.026137116491240064,0.19436860151203561,0.70446200917269641
pmks_positive_0155,0.029474228683556342,0.20607232286336119,0.69994823046913857
pmks_positive_0156,0.033005766003142922,0.21769902440231437,0.69522119915855296
pmks_positive_0157,0.036730415606794076,0.22924523109114661,0.69029046261704663
pmks_positive_0158,0.040646808072573065,0.24070762924646349,0.68516582980399754
pmks_positive_0159,0.044753520123664417,0.25208307059009188,0.67985733423754668
pmks_positive_0160,0.049049077414614881,0.2633685756854442,0.67437519731876605
pmks_positive_0161,0.053531957369774619,0.27456133676715222,0.66872979223740081
pmks_positive_0162,0.058200592063922196,0.2856587199755028,0.66293160867751966
pmks_positive_0163,0.063053371135270819,0.29665826701071685,0.65699121852535447
pmks_positive_0164,0.068088644721338021,0.30755769622534174,0.65091924276436552
pmks_positive_0165,0.073304726408482568,0.31835490317595988,0.64472631972443528
pmks_positive_0166,0.078699896186296803,0.32904796065804354,0.6384230748333668
pmks_positive_0167,0.084272403398451226,0.33963511825009773,0.63202009199984199
pmks_positive_0168,0.090020469682046605,0.35011480139522555,0.62552788673792648
pmks_positive_0169,0.095942291888010872,0.3604856100499283,0.61895688112437797
pmks_positive_0170,0.10203604497558505,0.37074631693131793,0.61231738066161501
pmks_positive_0171,0.1082998848744719,0.38089586539499065,0.60561955310149029
pmks_positive_0172,0.11473195130876727,0.39093336697657632,0.59887340926811017
pmks_positive_0173,0.12133037057734897,0.40085809863049621,0.59208878590207026
pmks_positive_0174,0.12809325828595242,0.41066949969969752,0.58527533053370973
pmks_positive_0175,0.13501872202673895,0.42036716865015139,0.5784424883794631
pmks_positive_0176,0.14210486400170869,0.429950859603699,0.57159949124318965
pmks_positive_0177,0.14934978358687961,0.43942047870243217,0.56475534839350461
pmks_positive_0178,0.15675157983469684,0.44877608033723765,0.55791883937872477
pmks_positive_0179,0.16430835391267265,0.458017863272418,0.5510985087330118
pmks_positive_0180,0.17201821147678859,0.46714616669747733,0.54430266252071602
pmks_positive_0181,0.17987926497869627,0.47616146623623229,0.53753936666073199
pmks_positive_0182,0.18788963590625296,0.48506436994239771,0.53081644696885566
pmks_positive_0183,0.1960474569573967,0.49385561430975033,0.52414149085365214
pmks_positive_0184,0.20435087414783748,0.50253606032387887,0.517521850600138
pmks_positive_0185,0.21279804885346909,0.51110668958143812,0.51096464817561338
pmks_positive_0186,0.22138715978883863,0.51956860050173559,0.50447678149317854
pmks_positive_0187,0.23011640492341098,0.5279230046544241,0.49806493207079999
pmks_positive_0188,0.23898400333775371,0.53617122322606392,0.49173557402715812
pmks_positive_0189,0.2479881970221427,0.54431468364737423,0.48549498435991945
pmks_positive_0190,0.25712725262043756,0.55235491640213263,0.4793492544574165
pmks_positive_0191,0.26639946312242896,0.56029355203791131,0.47330430280100383
pmks_positive_0192,0.27580314950818213,0.56813231839819078,0.4673658888225265
pmks_positive_0193,0.28533666234822497,0.57587303809485846,0.46153962788937697
pmks_positive_0194,0.29499838336374595,0.58351762623972092,0.45583100739852228
pmks_positive_0195,0.30478672695126902,0.59106808845342074,0.45024540397065432
pmks_positive_0196,0.31470014167658134,0.59852651917009625,0.44478810174628108
pmks_positive_0197,0.32473711174300179,0.6058951002562436,0.43946431179716444
pmks_positive_0198,0.33489615843937459,0.61317609996256817,0.43427919267909582
pmks_positive_0199,0.34517584157350578,0.62037187222815904,0.42923787216564102
pmks_positive_0200,0.35557476089707518,0.62748485635710005,0.42434547021731045
pmks_positive_0201,0.36609155752841072,0.6345175770886764,0.41960712325673605
pmks_positive_0202,0.37672491537986574,0.64147264508364787,0.41502800983802446
pmks_positive_0203,0.38747356259693588,0.64835275785069579,0.41061337781772572
pmks_positive_0204,0.39833627301666197,0.65516070113910974,0.40636857315601543
pmks_positive_0205,0.40931186765332872,0.66189935082611817,0.4022990705000617
pmks_positive_0206,0.42039921621995147,0.66857167533000872,0.3984105057274262
pmks_positive_0207,0.43159723869460187,0.6751807385833849,0.39470871065618912
pmks_positive_0208,0.44290490694121587,0.68172970360461782,0.39119975016071723
pmks_positive_0209,0.45432124639520177,0.68822183670982384,0.38788996196819953
pmks_positive_0210,0.46584533782491055,0.69466051241262006,0.38478599945191444
pmks_positive_0211,0.47747631918086264,0.70104921906455675,0.38189487778343578
pmks_positive_0212,0.48921338754556198,0.70739156529558234,0.37922402385857201
pmks_positive_0213,0.50105580119777593,0.71369128732130926,0.3767813304718427
pmks_positive_0214,0.51300288180634257,0.7199522571923137,0.37457521528303822
pmks_positive_0215,0.52505401676989893,0.72617849207040941,0.37261468519841023
pmks_positive_0216,0.53720866172043058,0.73237416462794869,0.37090940688016028
pmks_positive_0217,0.54946634321024757,0.73854361467896068,0.36946978420330634
pmks_positive_0218,0.56182666160392436,0.74469136216557441,0.3683070436013508
pmks_positive_0219,0.57428929419893449,0.75082212164002848,0.36743332838461767
pmks_positive_0220,0.58685399860121124,0.75694081840198069,0.36686180328145657
pmks_positive_0221,0.59952061638470533,0.76305260647324491,0.36660677064734526
pmks_positive_0222,0.61228907706725666,0.76916288861802984,0.36668380001582918
pmks_positive_0223,0.62515940243881607,0.77527733864683113,0.36710987293500469
pmks_positive_0224,0.63813171128229684,0.78140192627710914,0.36790354535215114
pmks_positive_0225,0.65120622453222854,0.78754294486466292,0.36908513018732247
pmks_positive_0226,0.6643832709219939,0.79370704236724843,0.37067690318662899
pmks_positive_0227,0.67766329317692109,0.7999012559578621,0.3727033356830512
pmks_positive_0228,0.69104685481797845,0.80613305077075903,0.37519135853590302
pmks_positive_0229,0.70453464764951113,0.81241036334071248,0.37817066229329777
pmks_positive_0230,0.71812750001453185,0.81874165038761837,0.38167403955474039
pmks_positive_0231,0.73182638591283378,0.82513594370727839,0.38573777664048259
pmks_positive_0232,0.74563243509091504,0.83160291205870029,0.39040210304736928
pmks_positive_0233,0.75954694422880265,0.83815293109309696,0.39571170884695428
pmks_positive_0234,0.77357138936777625,0.84479716255553816,0.40171634223612862
pmks_positive_0235,0.78770743974531976,0.85154764421407847,0.40847150198010651
pmks_positive_0236,0.80195697323005932,0.85841739224197677,0.41603924261652897
pmks_positive_0237,0.8163220935808565,0.86542051810765752,0.42448911417848068
pmks_positive_0238,0.83080514979170783,0.87257236242866887,0.43389926305247878
pmks_positive_0239,0.84540875782899705,0.8798896487383806,0.44435772668876233
pmks_positive_0240,0.86013582512167897,0.88739066072113859,0.4559639625862037
pmks_positive_0241,0.87498957823026868,0.89509544722356571,0.46883066176137833
pmks_positive_0242,0.88997359419982558,0.90302606028646626,0.48308590942005769
pmks_positive_0243,0.90509183619894085,0.91120683261546753,0.49887577164002489
pmks_positive_0244,0.92034869416554677,0.91966470238812459,0.51636740771415257
pmks_positive_0245,0.93574903132701637,0.92842959517241086,0.53575283498902815
pmks_positive_0246,0.95129823764409105,0.93753487512949452,0.55725350877117141
pmks_positive_0247,0.96700229145567307,0.94701788075913063,0.58112592723032552
pmks_positive_0248,0.98286783088770113,0.95692056444644658,0.60766853452675884
pmks_positive_0249,0.99890223695190961,0.96729026029818821,0.63723028076765575
pmks_positive_0250,1.0151137307231803,0.97818061165170045,0.67022131368445559
pmks_positive_0251,1.0315114875800235,0.98965269881640427,0.70712643696140587
pmks_positive_0252,1.0481057722663607,1.0017764199418839,0.74852219285913557
pmks_positive_0253,1.0649080995467499,1.0146321946630796,0.79509874043107531
pmks_positive_0254,1.0819314265695696,1.0283130831990168,0.84768814806581438
pmks_positive_0255,1.0991903848493216,1.0429274456163364,0.9073013662701529
pmks_positive_0256,1.1167015622121848,1.0586023111371969,0.97517709684941134
pmks_positive_0257,1.1344838483860413,1.0754876919889043,1.0528471927682344
pmks_positive_0258,1.1525588625574152,1.093762170209083,1.1422253772733959
pmks_positive_0259,1.1709514877717462,1.1136402247037114,1.2457294076999399
pmks_positive_0260,1.1896905464643379,1.1353819751810219,1.3664520894835563
pmks_positive_0261,1.2088096651742255,1.1593063417800238,1.5084051004941113
pmks_positive_0262,1.2283483970427205,1.1858091268448974,1.676873813795577
pmks_positive_0263,1.2483537020859918,1.2153883462118633,1.8789456747723274
pmks_positive_0264,1.2688819344202593,1.2486805044112852,2.124317822531244
pmks_positive_0265,1.2900015649816776,1.2865138615949052,2.4265689105505652
pmks_positive_0266,1.3117970006603461,1.3299889485124237,2.8052321245400091
pmks_positive_0267,1.3343740902152916,1.3806044500623005,3.2893128816667532
pmks_positive_0268,1.3578683232889917,1.4404620495154674,3.9235495417746007
pmks_positive_0269,1.3824575241161097,1.5126161836297827,4.7802150955031006
pmks_positive_0270,1.4083824629680839,1.6017075381682193,5.9829937877579029
pmks_positive_0271,1.4359823873506621,1.7151990485966546,7.7598027530773113
pmks_positive_0272,1.4657612142009047,1.866032821598399,10.574154747448134
pmks_positive_0273,1.4985245209151588,2.0791498801659012,15.50894458710855
pmks_positive_0274,1.5357097258101147,2.410918070337019,25.691015648857768
pmks_positive_0275,1.5804045776677509,3.0290670173047323,54.244981719077025
pmks_positive_0276,1.6426033939868867,4.8917740602370152,243.74812729209268
pmks_negative_0000,1.6426033939868867,-4.8917740602370152,243.74812729209268
pmks_negative_0001,1.5804045776677509,-3.0290670173047323,54.244981719077025
pmks_negative_0002,1.5357097258101147,-2.410918070337019,25.691015648857768
pmks_negative_0003,1.4985245209151588,-2.0791498801659012,15.50894458710855
pmks_negative_0004,1.4657612142009047,-1.866032821598399,10.574154747448134
pmks_negative_0005,1.4359823873506621,-1.7151990485966546,7.7598027530773113
pmks_negative_0006,1.4083824629680839,-1.6017075381682193,5.9829937877579029
pmks_negative_0007,1.3824575241161097,-1.5126161836297827,4.7802150955031006
pmks_negative_0008,1.3578683232889917,-1.4404620495154674,3.9235495417746007
pmks_negative_0009,1.3343740902152916,-1.3806044500623005,3.2893128816667532
pmks_negative_0010,1.3117970006603461,-1.3299889485124237,2.8052321245400091
pmks_negative_0011,1.2900015649816776,-1.2865138615949052,2.4265689105505652
pmks_negative_0012,1.2688819344202593,-1.2486805044112852,2.124317822531244
pmks_negative_0013,1.2483537020859918,-1.2153883462118633,1.8789456747723274
pmks_negative_0014,1.2283483970427205,-1.1858091268448974,1.676873813795577
pmks_negative_0015,1.2088096651742255,-1.1593063417800238,1.5084051004941113
pmks_negative_0016,1.1896905464643379,-1.1353819751810219,1.3664520894835563
pmks_negative_0017,1.1709514877717462,-1.1136402247037114,1.2457294076999399
pmks_negative_0018,1.1525588625574152,-1.093762170209083,1.1422253772733959
pmks_negative_0019,1.1344838483860413,-1.0754876919889043,1.0528471927682344
pmks_negative_0020,1.1167015622121848,-1.0586023111371969,0.97517709684941134
pmks_negative_0021,1.0991903848493216,-1.0429274456163364,0.9073013662701529
pmks_negative_0022,1.0819314265695696,-1.0283130831990168,0.84768814806581438
pmks_negative_0023,1.0649080995467499,-1.0146321946630796,0.79509874043107531
pmks_negative_0024,1.0481057722663607,-1.0017764199418839,0.74852219285913557
pmks_negative_0025,1.0315114875800235,-0.98965269881640427,0.70712643696140587
pmks_negative_0026,1.0151137307231803,-0.97818061165170045,0.67022131368445559
pmks_negative_0027,0.99890223695190961,-0.96729026029818821,0.63723028076765575
pmks_negative_0028,0.98286783088770113,-0.95692056444644658,0.60766853452675884
pmks_negative_0029,0.96700229145567307,-0.94701788075913063,0.58112592723032552
pmks_negative_0030,0.95129823764409105,-0.93753487512949452,0.55725350877117141
pmks_negative_0031,0.93574903132701637,-0.92842959517241086,0.53575283498902815
pmks_negative_0032,0.92034869416554677,-0.91966470238812459,0.51636740771415257
pmks_negative_0033,0.90509183619894085,-0.91120683261546753,0.49887577164002489
pmks_negative_0034,0.88997359419982558,-0.90302606028646626,0.48308590942005769
pmks_negative_0035,0.87498957823026868,-0.89509544722356571,0.46883066176137833
pmks_negative_0036,0.86013582512167897,-0.88739066072113859,0.4559639625862037
pmks_negative_0037,0.84540875782899705,-0.8798896487383806,0.44435772668876233
pmks_negative_0038,0.83080514979170783,-0.87257236242866887,0.43389926305247878
pmks_negative_0039,0.8163220935808565,-0.86542051810765752,0.42448911417848068
pmks_negative_0040,0.80195697323005932,-0.85841739224197677,0.41603924261652897
pmks_negative_0041,0.78770743974531976,-0.85154764421407847,0.40847150198010651
pmks_negative_0042,0.77357138936777625,-0.84479716255553816,0.40171634223612862
pmks_negative_0043,0.75954694422880265,-0.83815293109309696,0.39571170884695428
pmks_negative_0044,0.74563243509091504,-0.83160291205870029,0.39040210304736928
pmks_negative_0045,0.73182638591283378,-0.82513594370727839,0.38573777664048259
pmks_negative_0046,0.71812750001453185,-0.81874165038761837,0.38167403955474039
pmks_negative_0047,0.70453464764951113,-0.81241036334071248,0.37817066229329777
pmks_negative_0048,0.69104685481797845,-0.80613305077075903,0.37519135853590302
pmks_negative_0049,0.67766329317692109,-0.7999012559578621,0.3727033356830512
pmks_negative_0050,0.6643832709219939,-0.79370704236724843,0.37067690318662899
pmks_negative_0051,0.65120622453222854,-0.78754294486466292,0.36908513018732247
pmks_negative_0052,0.63813171128229684,-0.78140192627710914,0.36790354535215114
pmks_negative_0053,0.62515940243881607,-0.77527733864683113,0.36710987293500469
pmks_negative_0054,0.61228907706725666,-0.76916288861802984,0.36668380001582918
pmks_negative_0055,0.59952061638470533,-0.76305260647324491,0.36660677064734526
pmks_negative_0056,0.58685399860121124,-0.75694081840198069,0.36686180328145657
pmks_negative_0057,0.57428929419893449,-0.75082212164002848,0.36743332838461767
pmks_negative_0058,0.56182666160392436,-0.74469136216557441,0.3683070436013508
pmks_negative_0059,0.54946634321024757,-0.73854361467896068,0.36946978420330634
pmks_negative_0060,0.53720866172043058,-0.73237416462794869,0.37090940688016028
pmks_negative_0061,0.52505401676989893,-0.72617849207040941,0.37261468519841023
pmks_negative_0062,0.51300288180634257,-0.7199522571923137,0.37457521528303822
pmks_negative_0063,0.50105580119777593,-0.71369128732130926,0.3767813304718427
pmks_negative_0064,0.48921338754556198,-0.70739156529558234,0.37922402385857201
pmks_negative_0065,0.47747631918086264,-0.70104921906455675,0.38189487778343578
pmks_negative_0066,0.46584533782491055,-0.69466051241262006,0.38478599945191444
pmks_negative_0067,0.45432124639520177,-0.68822183670982384,0.38788996196819953
pmks_negative_0068,0.44290490694121587,-0.68172970360461782,0.39119975016071723
pmks_negative_0069,0.43159723869460187,-0.6751807385833849,0.39470871065618912
pmks_negative_0070,0.42039921621995147,-0.66857167533000872,0.3984105057274262
pmks_negative_0071,0.40931186765332872,-0.66189935082611817,0.4022990705000617
pmks_negative_0072,0.39833627301666197,-0.65516070113910974,0.40636857315601543
pmks_negative_0073,0.38747356259693588,-0.64835275785069579,0.41061337781772572
pmks_negative_0074,0.37672491537986574,-0.64147264508364787,0.41502800983802446
pmks_negative_0075,0.36609155752841072,-0.6345175770886764,0.41960712325673605
pmks_negative_0076,0.35557476089707518,-0.62748485635710005,0.42434547021731045
pmks_negative_0077,0.34517584157350578,-0.62037187222815904,0.42923787216564102
pmks_negative_0078,0.33489615843937459,-0.61317609996256817,0.43427919267909582
pmks_negative_0079,0.32473711174300179,-0.6058951002562436,0.43946431179716444
pmks_negative_0080,0.31470014167658134,-0.59852651917009625,0.44478810174628108
pmks_negative_0081,0.30478672695126902,-0.59106808845342074,0.45024540397065432
pmks_negative_0082,0.29499838336374595,-0.58351762623972092,0.45583100739852228
pmks_negative_0083,0.28533666234822497,-0.57587303809485846,0.46153962788937697
pmks_negative_0084,0.27580314950818213,-0.56813231839819078,0.4673658888225265
pmks_negative_0085,0.26639946312242896,-0.56029355203791131,0.47330430280100383
pmks_negative_0086,0.25712725262043756,-0.55235491640213263,0.4793492544574165
pmks_negative_0087,0.2479881970221427,-0.54431468364737423,0.48549498435991945
pmks_negative_0088,0.23898400333775371,-0.53617122322606392,0.49173557402715812
pmks_negative_0089,0.23011640492341098,-0.5279230046544241,0.49806493207079999
pmks_negative_0090,0.22138715978883863,-0.51956860050173559,0.50447678149317854
pmks_negative_0091,0.21279804885346909,-0.51110668958143812,0.51096464817561338
pmks_negative_0092,0.20435087414783748,-0.50253606032387887,0.517521850600138
pmks_negative_0093,0.1960474569573967,-0.49385561430975033,0.52414149085365214
pmks_negative_0094,0.18788963590625296,-0.48506436994239771,0.53081644696885566
pmks_negative_0095,0.17987926497869627,-0.47616146623623229,0.53753936666073199
pmks_negative_0096,0.17201821147678859,-0.46714616669747733,0.54430266252071602
pmks_negative_0097,0.16430835391267265,-0.458017863272418,0.5510985087330118
pmks_negative_0098,0.15675157983469684,-0.44877608033723765,0.55791883937872477
pmks_negative_0099,0.14934978358687961,-0.43942047870243217,0.56475534839350461
pmks_negative_0100,0.14210486400170869,-0.429950859603699,0.57159949124318965
pmks_negative_0101,0.13501872202673895,-0.42036716865015139,0.5784424883794631
pmks_negative_0102,0.12809325828595242,-0.41066949969969752,0.58527533053370973
pmks_negative_0103,0.12133037057734897,-0.40085809863049621,0.59208878590207026
pmks_negative_0104,0.11473195130876727,-0.39093336697657632,0.59887340926811017
pmks_negative_0105,0.1082998848744719,-0.38089586539499065,0.60561955310149029
pmks_negative_0106,0.10203604497558505,-0.37074631693131793,0.61231738066161501
pmks_negative_0107,0.095942291888010872,-0.3604856100499283,0.61895688112437797
pmks_negative_0108,0.090020469682046605,-0.35011480139522555,0.62552788673792648
pmks_negative_0109,0.084272403398451226,-0.33963511825009773,0.63202009199984199
pmks_negative_0110,0.078699896186296803,-0.32904796065804354,0.6384230748333668
pmks_negative_0111,0.073304726408482568,-0.31835490317595988,0.64472631972443528
pmks_negative_0112,0.068088644721338021,-0.30755769622534174,0.65091924276436552
pmks_negative_0113,0.063053371135270819,-0.29665826701071685,0.65699121852535447
pmks_negative_0114,0.058200592063922196,-0.2856587199755028,0.66293160867751966
pmks_negative_0115,0.053531957369774619,-0.27456133676715222,0.66872979223740081
pmks_negative_0116,0.049049077414614881,-0.2633685756854442,0.67437519731876605
pmks_negative_0117,0.044753520123664417,-0.25208307059009188,0.67985733423754668
pmks_negative_0118,0.040646808072573065,-0.24070762924646349,0.68516582980399754
pmks_negative_0119,0.036730415606794076,-0.22924523109114661,0.69029046261704663
pmks_negative_0120,0.033005766003142922,-0.21769902440231437,0.69522119915855296
pmks_negative_0121,0.029474228683556342,-0.20607232286336119,0.69994823046913857
pmks_negative_0122,0.026137116491240064,-0.19436860151203561,0.70446200917269641
pmks_negative_0123,0.022995683039479742,-0.18259149207129072,0.70875328660390968
pmks_negative_0124,0.020051120143422835,-0.17074477766225785,0.71281314978242583
pmks_negative_0125,0.017304555345096839,-0.15883238690409543,0.71663305796897403
pmks_negative_0126,0.014757049541813699,-0.14685838740992876,0.72020487853295689
pmks_negative_0127,0.012409594727912671,-0.13482697869263199,0.72352092185807138
pmks_negative_0128,0.010263111859536683,-0.12274248449876703,0.72657397501251619
pmks_negative_0129,0.0083184488517835942,-0.11060934459352785,0.7293573339134285
pmks_negative_0130,0.0065763787171667087,-0.098432106023999016,0.73186483372146982
pmks_negative_0131,0.0050375978538146904,-0.086215413892362383,0.73409087721095301
pmks_negative_0132,0.0037027244912915258,-0.073964001674829513,0.73603046087356405
pmks_negative_0133,0.0025722973012812234,-0.061682681125981374,0.73767919852948727
pmks_negative_0134,0.0016467741796870883,-0.049376331811816235,0.73903334223846695
pmks_negative_0135,0.00092653120595523331,-0.037049890318087912,0.74008980032482974
pmks_negative_0136,0.00041186178462312983,-0.024708339183419661,0.74084615235449869
pmks_negative_0137,0.00010297597324943064,-0.012356695609162954,0.74130066092827929
pmks_negative_0138,0,0,0.74145228018381881
pmks_negative_0139,0.00010297597324943064,0.01235669560916304,0.74130066092827929
pmks_negative_0140,0.00041186178462312983,0.024708339183419747,0.74084615235449869
pmks_negative_0141,0.00092653120595523331,0.037049890318088002,0.74008980032482974
pmks_negative_0142,0.0016467741796870883,0.049376331811816332,0.73903334223846695
pmks_negative_0143,0.0025722973012812234,0.061682681125981464,0.73767919852948727
pmks_negative_0144,0.0037027244912915258,0.073964001674829596,0.73603046087356405
pmks_negative_0145,0.0050375978538146904,0.08621541389236248,0.73409087721095301
pmks_negative_0146,0.0065763787171667087,0.098432106023999086,0.73186483372146982
pmks_negative_0147,0.0083184488517835942,0.11060934459352795,0.72935733391342839
pmks_negative_0148,0.010263111859536711,0.12274248449876708,0.72657397501251608
pmks_negative_0149,0.012409594727912671,0.13482697869263208,0.72352092185807138
pmks_negative_0150,0.014757049541813699,0.14685838740992882,0.72020487853295689
pmks_negative_0151,0.017304555345096839,0.15883238690409551,0.71663305796897403
pmks_negative_0152,0.020051120143422835,0.17074477766225796,0.71281314978242583
pmks_negative_0153,0.022995683039479742,0.1825914920712908,0.70875328660390946
pmks_negative_0154,0.026137116491240064,0.19436860151203569,0.70446200917269641
pmks_negative_0155,0.029474228683556342,0.20607232286336127,0.69994823046913857
pmks_negative_0156,0.033005766003142922,0.21769902440231448,0.69522119915855307
pmks_negative_0157,0.036730415606794298,0.22924523109114667,0.69029046261704652
pmks_negative_0158,0.040646808072573065,0.24070762924646361,0.68516582980399754
pmks_negative_0159,0.044753520123664403,0.252083070590092,0.6798573342375468
pmks_negative_0160,0.049049077414614881,0.26336857568544425,0.67437519731876605
pmks_negative_0161,0.053531957369774841,0.27456133676715228,0.66872979223740092
pmks_negative_0162,0.058200592063922196,0.28565871997550285,0.66293160867751966
pmks_negative_0163,0.063053371135271041,0.29665826701071707,0.65699121852535447
pmks_negative_0164,0.068088644721338257,0.30755769622534207,0.6509192427643653
pmks_negative_0165,0.07330472640848279,0.31835490317596038,0.64472631972443506
pmks_negative_0166,0.078699896186297247,0.32904796065804415,0.63842307483336636
pmks_negative_0167,0.08427240339845167,0.33963511825009851,0.63202009199984144
pmks_negative_0168,0.090020469682047063,0.35011480139522638,0.62552788673792581
pmks_negative_0169,0.095942291888011538,0.36048561004992924,0.6189568811243773
pmks_negative_0170,0.10203604497558573,0.37074631693131904,0.61231738066161423
pmks_negative_0171,0.10829988487447256,0.38089586539499193,0.60561955310148952
pmks_negative_0172,0.11473195130876816,0.39093336697657766,0.59887340926810928
pmks_negative_0173,0.12133037057734986,0.40085809863049765,0.59208878590206937
pmks_negative_0174,0.12809325828595353,0.41066949969969907,0.58527533053370862
pmks_negative_0175,0.13501872202674006,0.42036716865015306,0.57844248837946211
pmks_negative_0176,0.1421048640017098,0.42995085960370061,0.57159949124318832
pmks_negative_0177,0.14934978358688095,0.43942047870243411,0.56475534839350339
pmks_negative_0178,0.1567515798346984,0.44877608033723965,0.55791883937872333
pmks_negative_0179,0.16430835391267443,0.45801786327242,0.55109850873301036
pmks_negative_0180,0.17201821147679036,0.46714616669747955,0.54430266252071469
pmks_negative_0181,0.17987926497869827,0.4761614662362344,0.53753936666073043
pmks_negative_0182,0.18788963590625501,0.48506436994239993,0.53081644696885388
pmks_negative_0183,0.19604745695739892,0.49385561430975272,0.52414149085365036
pmks_negative_0184,0.20435087414783992,0.50253606032388132,0.51752185060013633
pmks_negative_0185,0.21279804885347176,0.51110668958144068,0.51096464817561149
pmks_negative_0186,0.2213871597888413,0.51956860050173814,0.50447678149317665
pmks_negative_0187,0.23011640492341368,0.52792300465442699,0.49806493207079816
pmks_negative_0188,0.23898400333775682,0.53617122322606658,0.49173557402715601
pmks_negative_0189,0.24798819702214581,0.54431468364737723,0.48549498435991734
pmks_negative_0190,0.25712725262044089,0.55235491640213552,0.47934925445741416
pmks_negative_0191,0.26639946312243251,0.56029355203791431,0.47330430280100161
pmks_negative_0192,0.27580314950818569,0.56813231839819378,0.46736588882252428
pmks_negative_0193,0.28533666234822874,0.57587303809486157,0.4615396278893748
pmks_negative_0194,0.29499838336374995,0.58351762623972403,0.45583100739852001
pmks_negative_0195,0.30478672695127296,0.59106808845342373,0.45024540397065194
pmks_negative_0196,0.31470014167658578,0.59852651917009947,0.4447881017462787
pmks_negative_0197,0.32473711174300623,0.60589510025624682,0.43946431179716205
pmks_negative_0198,0.33489615843937948,0.6131760999625715,0.43427919267909348
pmks_negative_0199,0.34517584157351067,0.62037187222816215,0.42923787216563841
pmks_negative_0200,0.35557476089708007,0.62748485635710349,0.42434547021730806
pmks_negative_0201,0.36609155752841588,0.63451757708867995,0.41960712325673377
pmks_negative_0202,0.37672491537987141,0.64147264508365143,0.41502800983802229
pmks_negative_0203,0.38747356259694143,0.64835275785069924,0.41061337781772322
pmks_negative_0204,0.39833627301666796,0.65516070113911329,0.40636857315601321
pmks_negative_0205,0.40931186765333494,0.66189935082612184,0.40229907050005953
pmks_negative_0206,0.42039921621995791,0.6685716753300126,0.39841050572742426
pmks_negative_0207,0.43159723869460842,0.67518073858338867,0.39470871065618707
pmks_negative_0208,0.44290490694122253,0.6817297036046216,0.39119975016071512
pmks_negative_0209,0.45432124639520888,0.68822183670982784,0.38788996196819781
pmks_negative_0210,0.46584533782491788,0.69466051241262405,0.38478599945191266
pmks_negative_0211,0.47747631918087019,0.70104921906456064,0.38189487778343401
pmks_negative_0212,0.48921338754556976,0.70739156529558656,0.37922402385857046
pmks_negative_0213,0.50105580119778359,0.71369128732131326,0.37678133047184109
pmks_negative_0214,0.51300288180635056,0.71995225719231781,0.37457521528303672
pmks_negative_0215,0.52505401676990704,0.72617849207041374,0.37261468519840907
pmks_negative_0216,0.53720866172043891,0.73237416462795313,0.37090940688015933
pmks_negative_0217,0.54946634321025623,0.73854361467896479,0.36946978420330528
pmks_negative_0218,0.56182666160393302,0.74469136216557874,0.36830704360135008
pmks_negative_0219,0.57428929419894337,0.75082212164003281,0.36743332838461706
pmks_negative_0220,0.58685399860122012,0.75694081840198479,0.3668618032814559
pmks_negative_0221,0.59952061638471466,0.76305260647324935,0.36660677064734509
pmks_negative_0222,0.61228907706726632,0.76916288861803472,0.36668380001582962
pmks_negative_0223,0.62515940243882595,0.77527733864683579,0.36710987293500508
pmks_negative_0224,0.63813171128230706,0.78140192627711391,0.36790354535215197
pmks_negative_0225,0.65120622453223898,0.7875429448646678,0.3690851301873237
pmks_negative_0226,0.66438327092200467,0.79370704236725353,0.37067690318663077
pmks_negative_0227,0.67766329317693197,0.79990125595786721,0.37270333568305319
pmks_negative_0228,0.69104685481798944,0.80613305077076391,0.37519135853590491
pmks_negative_0229,0.70453464764952245,0.81241036334071759,0.37817066229330043
pmks_negative_0230,0.71812750001454362,0.81874165038762403,0.38167403955474383
pmks_negative_0231,0.73182638591284566,0.82513594370728383,0.3857377766404862
pmks_negative_0232,0.74563243509092703,0.83160291205870573,0.39040210304737333
pmks_negative_0233,0.75954694422881508,0.83815293109310285,0.39571170884695933
pmks_negative_0234,0.77357138936778869,0.84479716255554393,0.40171634223613401
pmks_negative_0235,0.78770743974533264,0.85154764421408458,0.40847150198011295
pmks_negative_0236,0.80195697323007265,0.85841739224198332,0.41603924261653669
pmks_negative_0237,0.81632209358087016,0.86542051810766418,0.42448911417848917
pmks_negative_0238,0.83080514979172138,0.87257236242867553,0.43389926305248772
pmks_negative_0239,0.84540875782901093,0.87988964873838793,0.44435772668877305
pmks_negative_0240,0.86013582512169329,0.8873906607211457,0.45596396258621524
pmks_negative_0241,0.87498957823028312,0.89509544722357348,0.46883066176139171
pmks_negative_0242,0.88997359419984035,0.90302606028647392,0.48308590942007179
pmks_negative_0243,0.90509183619895595,0.91120683261547575,0.49887577164004121
pmks_negative_0244,0.92034869416556209,0.91966470238813325,0.51636740771417078
pmks_negative_0245,0.93574903132703247,0.9284295951724203,0.5357528349890498
pmks_negative_0246,0.95129823764410759,0.93753487512950451,0.55725350877119595
pmks_negative_0247,0.96700229145568994,0.94701788075914106,0.58112592723035283
pmks_negative_0248,0.98286783088771812,0.95692056444645757,0.60766853452678893
pmks_negative_0249,0.99890223695192693,0.96729026029819976,0.63723028076768951
pmks_negative_0250,1.0151137307231981,0.97818061165171244,0.67022131368449323
pmks_negative_0251,1.0315114875800415,0.98965269881641715,0.70712643696144861
pmks_negative_0252,1.0481057722663796,1.0017764199418981,0.74852219285918575
pmks_negative_0253,1.0649080995467692,1.014632194663095,0.79509874043113249
pmks_negative_0254,1.081931426569589,1.0283130831990333,0.84768814806587878
pmks_negative_0255,1.0991903848493414,1.0429274456163533,0.90730136627022362
pmks_negative_0256,1.1167015622122054,1.058602311137216,0.97517709684949638
pmks_negative_0257,1.1344838483860624,1.0754876919889251,1.0528471927683327
pmks_negative_0258,1.152558862557437,1.0937621702091056,1.1422253772735103
pmks_negative_0259,1.1709514877717684,1.113640224703736,1.245729407700072
pmks_negative_0260,1.1896905464643615,1.1353819751810506,1.3664520894837195
pmks_negative_0261,1.208809665174249,1.1593063417800546,1.5084051004943
pmks_negative_0262,1.2283483970427451,1.185809126844932,1.6768738137958055
pmks_negative_0263,1.2483537020860171,1.2153883462119028,1.878945674772607
pmks_negative_0264,1.2688819344202855,1.2486805044113301,2.124317822531586
pmks_negative_0265,1.2900015649817049,1.2865138615949565,2.4265689105509916
pmks_negative_0266,1.3117970006603747,1.3299889485124845,2.8052321245405616
pmks_negative_0267,1.3343740902153216,1.3806044500623722,3.2893128816674708
pmks_negative_0268,1.3578683232890234,1.440462049515554,3.9235495417755661
pmks_negative_0269,1.3824575241161434,1.5126161836298899,4.7802150955044498
pmks_negative_0270,1.4083824629681196,1.6017075381683523,5.9829937877598232
pmks_negative_0271,1.4359823873507009,1.7151990485968309,7.7598027530802911
pmks_negative_0272,1.4657612142009475,1.8660328215986415,10.57415474745309
pmks_negative_0273,1.4985245209152058,2.0791498801662511,15.508944587117638
pmks_negative_0274,1.5357097258101704,2.4109180703376132,25.69101564887896
pmks_negative_0275,1.5804045776678208,3.0290670173059846,54.244981719149102
pmks_negative_0276,1.6426033939870017,4.8917740602427493,243.74812729297253
